-- MySQL dump 10.13  Distrib 8.4.10, for Linux (x86_64)
--
-- Host: localhost    Database: marketana
-- ------------------------------------------------------
-- Server version	8.4.10

/*!40101 SET @OLD_CHARACTER_SET_CLIENT=@@CHARACTER_SET_CLIENT */;
/*!40101 SET @OLD_CHARACTER_SET_RESULTS=@@CHARACTER_SET_RESULTS */;
/*!40101 SET @OLD_COLLATION_CONNECTION=@@COLLATION_CONNECTION */;
/*!50503 SET NAMES utf8mb4 */;
/*!40103 SET @OLD_TIME_ZONE=@@TIME_ZONE */;
/*!40103 SET TIME_ZONE='+00:00' */;
/*!40014 SET @OLD_UNIQUE_CHECKS=@@UNIQUE_CHECKS, UNIQUE_CHECKS=0 */;
/*!40014 SET @OLD_FOREIGN_KEY_CHECKS=@@FOREIGN_KEY_CHECKS, FOREIGN_KEY_CHECKS=0 */;
/*!40101 SET @OLD_SQL_MODE=@@SQL_MODE, SQL_MODE='NO_AUTO_VALUE_ON_ZERO' */;
/*!40111 SET @OLD_SQL_NOTES=@@SQL_NOTES, SQL_NOTES=0 */;

--
-- Table structure for table `analysis_results`
--

DROP TABLE IF EXISTS `analysis_results`;
/*!40101 SET @saved_cs_client     = @@character_set_client */;
/*!50503 SET character_set_client = utf8mb4 */;
CREATE TABLE `analysis_results` (
  `id` int NOT NULL AUTO_INCREMENT,
  `article_id` int NOT NULL,
  `product` varchar(128) COLLATE utf8mb4_unicode_ci NOT NULL,
  `direction` varchar(16) COLLATE utf8mb4_unicode_ci NOT NULL,
  `reason` text COLLATE utf8mb4_unicode_ci,
  `confidence` float NOT NULL,
  `analysis_method` varchar(32) COLLATE utf8mb4_unicode_ci NOT NULL,
  `need_manual_review` tinyint(1) NOT NULL,
  `analysis_time` datetime NOT NULL DEFAULT (now()),
  `created_at` datetime NOT NULL DEFAULT (now()),
  `updated_at` datetime NOT NULL DEFAULT (now()),
  PRIMARY KEY (`id`),
  UNIQUE KEY `uq_analysis_results_article_id` (`article_id`),
  KEY `ix_analysis_results_product_direction` (`product`,`direction`),
  KEY `ix_analysis_results_article_id` (`article_id`),
  KEY `ix_analysis_results_product` (`product`),
  KEY `ix_analysis_results_direction` (`direction`),
  KEY `ix_analysis_results_analysis_time` (`analysis_time`),
  CONSTRAINT `analysis_results_ibfk_1` FOREIGN KEY (`article_id`) REFERENCES `articles` (`id`) ON DELETE CASCADE,
  CONSTRAINT `ck_analysis_results_confidence` CHECK (((`confidence` >= 0) and (`confidence` <= 1))),
  CONSTRAINT `ck_analysis_results_direction` CHECK ((`direction` in (_utf8mb4'看涨',_utf8mb4'看跌',_utf8mb4'中性'))),
  CONSTRAINT `ck_analysis_results_method` CHECK ((`analysis_method` in (_utf8mb4'rule',_utf8mb4'llm',_utf8mb4'manual')))
) ENGINE=InnoDB AUTO_INCREMENT=21 DEFAULT CHARSET=utf8mb4 COLLATE=utf8mb4_unicode_ci;
/*!40101 SET character_set_client = @saved_cs_client */;

--
-- Dumping data for table `analysis_results`
--

LOCK TABLES `analysis_results` WRITE;
/*!40000 ALTER TABLE `analysis_results` DISABLE KEYS */;
INSERT INTO `analysis_results` VALUES (1,3,'甲醇','中性','文本仅为日报页面标题和导航信息，未提供任何市场分析或走势预测内容。',0.1,'llm',1,'2026-07-06 11:26:43','2026-07-06 11:26:43','2026-07-06 11:26:43'),(2,4,'PTA','中性','文本未提供任何分析内容',0,'llm',1,'2026-07-06 11:26:44','2026-07-06 11:26:44','2026-07-06 11:26:44'),(3,7,'黄金','看涨','从业资格证号：F3033924荡，短期谨慎观望。国债短期震荡反弹，谨慎做多。商品板块来看，黑色短期 投资咨询证号：Z0013026电话：021-68757089 震荡，短期谨慎观望；有色短期震荡回调，短期谨慎观望；能化短期震荡上邮箱：Liuhf@qh168.com.cn 涨，谨慎做多；贵金属短期高位偏强震荡，谨慎做多。刘兵从业资格证号：F03091165从业资格证号：F03089928投资咨询证号：Z0019740电话：021-68757827 【贵金属】周一黄金再破历史新高，沪金主力合约一路上涨突破730 关口，邮箱：wangyil@qh168.com.cn COMEX 黄金6 月合约收至3150 美元一线，贸易紧张局势带来的避险买盘推动黄冯冰金强力上行。2 月核心PCE 同比高于市场预期升至2.8%，为24 年12 月以来新从业资格证号：F3077183短期关注关税政策落地引发的波动，滞胀逻辑下实际利率压制与全球去美元化趋势仍对黄金构成长期支撑，白银则受工业属性拖累走势落后黄金，对黄金维持中长期继续看多思路，若出现一定幅度回调可陆续布局中长线仓位。黑色金属：市场避险情绪增加，钢材期现货价格延续弱势【钢材】周一，国内钢材期现货市场继续延续弱势，市场成交量量低位运行。## Page 2研究所晨会观点精粹间，铁水产量预计会回升至240-245 万吨之间。短期来看，临近月底，又逢清明小长假，钢材市场或继续以区间震荡为主。【铁矿石】周一，铁矿石期现货价格跌幅继续扩大。铁水产量继续延续回升趋势，结合当下钢厂利润水平，铁水产量依然有进一步回升的恐慌。供应方面，本周全球铁矿石发运量环比回升103.1 万吨，同时因前期发货量回落原因，到港量环比回落267 万吨。铁矿石港口库存上周则小幅回升。总体来看，铁矿石价格短期仍以区间震荡为主，走势将跟随钢材价格变化。【硅锰/硅铁】周一，硅锰现货价格持平，硅铁现货价格小幅回落。上周五大品种钢材产量继续回升，铁合金需求尚可。硅锰6517 北方市场价格5850-5900元/吨，南方市场价格5850-5950 元/吨，锰矿现货也延续弱势，天津港南非半短期铁合金价格仍以区间震荡思路对待。能源化工：特朗普威胁打压俄油出口，油价上行【原油】特朗普表示对俄罗斯感到生气，并表示如果俄拒绝与乌克兰停火，他将考虑对俄罗斯石油买家征收二级关税。另外伊朗表示，如果美国威胁转变为实际行动，美国将受到打击，地缘政治风险大幅回升。市场目前在权衡需求风险和供应风险 ，短期制裁导致的供应担忧占据上风，油价小幅上行。【沥青】价格跟随油价小幅回升，但现货涨幅明显有限，基差近期大幅下降。供需两弱局面维持，厂家库存近期保持相对稳定，但库存转移效率放缓，社会库存有一定走高。4 月下游需求恢复情况仍然一般，叠加今年基建投资占比较少，后续资金问题仍然将持续，发货或将继续保持中性水平。近期价格并无明显上行驱动，后期或跟涨原油但幅度有限，保持震荡格局。【PX】外盘价格跟随原油回升至847 美金，PXN 价差回落至201 美金。短期PTA 开工仍然偏低，头部装置检修仍在增加，后期PX 至4 月供需好转情况仍然有限。但近期海外汽油需求增加，调油套利空间转正，后期或仍有季节性走强空间，PX 跟随原油小幅反弹概率仍在。【PTA】PTA 跟随PX 成本走强而上升，幅度不及原料。另外下游开工继续回升，以及4 月检修计划仍有增加，PTA 去库将持续，但近期盘面已经计价，资金持仓近HTTP://WWW.QH168.COM.CN 2 / 6 请务必仔细阅读正文后免责申明## Page 3研究所晨会观点精粹期空单离场明显导致价格小幅反弹。但近期终端产销仍然一般，故主力上行幅度可能有限，短期仍需要关注原油价格变动情况。【乙二醇】乙二醇港口库存再度小幅累库，价格因此受到打压持续保持偏低位国际装置开工近期明显提升，进口预期4 月下到5 月恢复，内地库存维持小幅下降，整体仍在去库进程当中，近月甲醇偏强。随着进口的逐渐恢复，甲醇供应端压力凸显，价格承压，05 合约震荡，09 合约偏空增产能投放推迟，供应端压力预期缓解，库存短期内向下游传导，基本面边际改善，价格预计震荡修复。【LLDPE】PE 下游需求旺季，开工仍在攀升，但上涨幅度缩小，下游订单跟进有限，且高价抑制部分需求，同时供应充足，投产在即，上方压力较大，下方受旺季需求支撑，预计震荡为主，短期可能随原油而企稳，关注新增产能投放情况。高位和进口刚性，需求端也没有爆发式增长的可能，整体平淡，而当前市场主要矛盾是宏观偏弱和铜价下跌，短期偏空。【锡】传原定于4 月1 日召开曼相矿山复工复产交流会被取消，夜盘锡价上涨。缅甸遭受强震，由于缅甸锡矿的重要地位，锡价拉升，但佤邦尚未全面复产，需要一定周期筹备，短期内更可能影响道路运输，鉴于佤邦距离震中较远，预计影游企业采购放缓，三地社会库存继续增加，库存增加934 吨，达到11482 吨。综合来看，周五锡价上涨，更多是情绪推动，实际影响预计有限。目前其他有色金属承压回落，锡将受拖累，若关税导致经济担忧加剧，将承受更大压力，注意风险，但原料供应偏紧，预计将相对坚挺。农产品：美国国内生物燃料政策或达成共识，国际油脂价格上涨【美豆】隔夜市场CBOT 大豆市场收跌，新季种植面积预估和季度库存数据符合市场预期，美国对外贸易紧张关系加剧主导美豆持续疲软。但阶段性受美国贸易关系主导疲软，豆粕成本端支撑略减弱。综合看，豆粕期货空头市场格局暂未改善，上涨驱动不足但破位下行概率也不大，区间震荡行情或【菜粕】国内逐渐进入水产需求旺季，但豆菜粕现货价差收缩，豆粕替代菜粕消费有望增加，菜粕现阶段高库存去化依然缓慢。少1.40 万吨。国内菜粕关税成本限制直接进口骤减，菜籽远期预期到港也不多，压榨产出补充也不足，中期菜粕依然具备驱动上涨的可能。重点关注中加菜系贸易相关政策调整。榈油、菜油三大油脂商业库存总量为198.55 万吨，较上周减少5.97 万吨，跌幅2.92%；同比去年同期上涨20.25 万吨，涨幅11.36%。未来进口大豆到港紧缩状况将逐步改善，阶段性供需转宽预期叠加消费疲软，市场情绪悲观、基差偏弱或将持续。阶段性受国际油脂走强提振反弹，国内菜棕价格溢价支撑稳固，窄幅区间震荡行情或维持。【棕榈油】近月马来西亚棕榈油增产季在即，出口环比持续疲软，棕榈油上涨驱动减弱。上周美国生柴政策预期较前期整理有所改善，2026 开始增加可再生能源掺混抵税政策仍悬而未决。4 月份美豆油受政策不确定影响波动增加，马棕短期超跌叠加相关市场提振反弹较多，但自身基本面趋弱且豆棕依然存在倒挂状态。综合看，棕榈油上涨空间或有限，震荡区间下破或依然需要等待政策明晰且产地HTTP://WWW.QH168.COM.CN 4 / 6 请务必仔细阅读正文后免责申明 4## Page 5好。国内进口菜籽压榨利润丰厚和近月到港受政策不确定影响依然偏少，ICE 菜籽支撑稳定且阶段性反弹也在增加菜籽进口成本，菜油部分受成本驱动下买盘兴趣持续未减。基于未来直接进口的关税成本限制，及未来菜籽进口的不确定影响，油厂及渠道挺价意愿均偏强，短期菜油溢价回落或只能等待政策风险消退了。【生猪】月末集团场出栏节奏略快，大体重猪出栏增多，现货上涨驱动不足，周末现货回调。肥标价差收缩，尽管二育成本下跌，但再补栏表现谨慎。',1,'rule',0,'2026-07-06 11:26:44','2026-07-06 11:26:44','2026-07-06 11:26:44'),(4,2,'PP','中性','文本中未提供明确走势分析',0.2,'llm',1,'2026-07-06 11:26:45','2026-07-06 11:26:45','2026-07-06 11:26:45'),(5,1,'LLDPE','中性','报告标题为L日报，但正文未提供任何价格走势、市场分析或预测信息，无法支撑具体判断。',0.1,'llm',1,'2026-07-06 11:26:45','2026-07-06 11:26:45','2026-07-06 11:26:45'),(6,6,'尿素','中性','报告标题为尿素日报，但正文未提供任何市场分析或价格预测信息，仅包含导航和免责声明。',0.2,'llm',1,'2026-07-06 11:26:46','2026-07-06 11:26:46','2026-07-06 11:26:46'),(7,9,'建材','中性','文本仅为日报目录，未提供具体市场信息或分析依据。',0.2,'llm',1,'2026-07-06 11:26:47','2026-07-06 11:26:47','2026-07-06 11:26:47'),(8,5,'烧碱','中性','文本未提供任何关于烧碱期货走势的分析或数据，仅包含导航和免责申明。',0,'llm',1,'2026-07-06 11:26:48','2026-07-06 11:26:48','2026-07-06 11:26:48'),(9,8,'尿素','中性','文本仅包含标题和分类，未提供具体分析内容，无法判断走势。',0.1,'llm',1,'2026-07-06 11:26:48','2026-07-06 11:26:48','2026-07-06 11:26:48'),(10,10,'碳酸锂','中性','文本仅为日报标题，未提供任何走势预测或分析信息',0,'llm',1,'2026-07-06 11:26:48','2026-07-06 11:26:48','2026-07-06 11:26:48'),(11,11,'白糖','中性','文本仅包含报告标题和目录结构，缺乏具体价格走势分析或关键信息支撑判断。',0.1,'llm',1,'2026-07-06 11:26:48','2026-07-06 11:26:48','2026-07-06 11:26:48'),(12,14,'玉米淀粉','中性','文本仅包含报告目录，未提供任何价格走势分析或预测信息。',0.2,'llm',1,'2026-07-06 11:26:50','2026-07-06 11:26:50','2026-07-06 11:26:50'),(13,13,'花生','中性','文本未提供明确的走势预测信息，仅为日报标题和索引。',0.2,'llm',1,'2026-07-06 11:26:50','2026-07-06 11:26:50','2026-07-06 11:26:50'),(14,12,'未指定','中性','文本仅包含报告目录，未提供具体品种的分析或走势预测。',0,'llm',1,'2026-07-06 11:26:51','2026-07-06 11:26:51','2026-07-06 11:26:51'),(15,15,'未知','中性','无有效信息',0,'llm',1,'2026-07-06 11:26:52','2026-07-06 11:26:52','2026-07-06 11:26:52'),(16,17,'鸡蛋','中性','文本仅提供报告标题和日期，未包含任何价格走势、供需分析或预测依据，无法判断方向。',0.1,'llm',1,'2026-07-06 11:26:53','2026-07-06 11:26:53','2026-07-06 11:26:53'),(17,18,'碳酸锂','中性','缺乏有效分析内容，文本仅包含标题和目录结构，无市场观点或数据支撑。',0,'llm',1,'2026-07-06 11:26:53','2026-07-06 11:26:53','2026-07-06 11:26:53'),(18,16,'未知','中性','文本仅为报告目录，无实质分析内容',0,'llm',1,'2026-07-06 11:26:53','2026-07-06 11:26:53','2026-07-06 11:26:53'),(19,19,'尿素','中性','报告仅提供标题和目录，无具体走势分析或关键信息。',0,'llm',1,'2026-07-06 11:26:54','2026-07-06 11:26:54','2026-07-06 11:26:54'),(20,20,'无','中性','文本仅为目录，无具体品种分析或预测',0,'llm',1,'2026-07-06 11:26:56','2026-07-06 11:26:56','2026-07-06 11:26:56');
/*!40000 ALTER TABLE `analysis_results` ENABLE KEYS */;
UNLOCK TABLES;

--
-- Table structure for table `article_texts`
--

DROP TABLE IF EXISTS `article_texts`;
/*!40101 SET @saved_cs_client     = @@character_set_client */;
/*!50503 SET character_set_client = utf8mb4 */;
CREATE TABLE `article_texts` (
  `id` int NOT NULL AUTO_INCREMENT,
  `article_id` int NOT NULL,
  `raw_text` longtext COLLATE utf8mb4_unicode_ci,
  `cleaned_text` longtext COLLATE utf8mb4_unicode_ci,
  `raw_length` int NOT NULL,
  `cleaned_length` int NOT NULL,
  `parser_type` varchar(64) COLLATE utf8mb4_unicode_ci DEFAULT NULL,
  `created_at` datetime NOT NULL DEFAULT (now()),
  `updated_at` datetime NOT NULL DEFAULT (now()),
  PRIMARY KEY (`id`),
  UNIQUE KEY `uq_article_texts_article_id` (`article_id`),
  KEY `ix_article_texts_article_id` (`article_id`),
  CONSTRAINT `article_texts_ibfk_1` FOREIGN KEY (`article_id`) REFERENCES `articles` (`id`) ON DELETE CASCADE
) ENGINE=InnoDB AUTO_INCREMENT=21 DEFAULT CHARSET=utf8mb4 COLLATE=utf8mb4_unicode_ci;
/*!40101 SET character_set_client = @saved_cs_client */;

--
-- Dumping data for table `article_texts`
--

LOCK TABLES `article_texts` WRITE;
/*!40000 ALTER TABLE `article_texts` DISABLE KEYS */;
INSERT INTO `article_texts` VALUES (1,2,'无障碍浏览\n客服电话:\n400-700-5186\n【PP日报20250401】\n[收藏本页面]\n[\n大\n中\n小\n]\n[打印]\n免责申明:\n本报告版权归“浙商期货”所有，未经事先书面授权，任何人不得对本报告进行任何形式的发布、复制。如引用、刊发，需注明出处为“浙商期货”，且不得对本报告进行有悖原意的删节和修改。本报告基于我公司及其研究人员认为可信的公开资料或实地调研资料，但我公司及其研究人员对这些信息的准确性和完整性不作任何保证，且本报告中的资料、意见、预测均反映报告初次公开发布时的判断，可能会随时调整。报告中的信息或所表达意见不构成投资、法律、会计或税务的最终操作建议，我公司不就报告中的内容对最终操作建议做出任何担保。我公司的关联机构或个人可能在本报告公开发布之前已经使用或了解其中的信息。\n[收藏本页面]\n[\n大\n中\n小\n]\n[打印]\n相关信息\n【PG日报20250623】\n【宏观日报20250623】\n【白银日报20250623】\n【黄金日报20250623】\n【有色金属日报20250623】\n上一篇：\n【MA日报20250401】\n下一篇：\n【L日报20250401】\n返回顶部\n400-700-5186\n客服中心\n下载APP\n客服热线\n400-700-5186\n客服中心\n客服 : 374376397\n下载APP','无障碍浏览\n400-700-5186\n【PP日报20250401】\n[收藏本页面]\n[\n大\n中\n小\n]\n[打印]\n免责申明:\n[收藏本页面]\n[\n大\n中\n小\n]\n[打印]\n相关信息\n【PG日报20250623】\n【宏观日报20250623】\n【白银日报20250623】\n【黄金日报20250623】\n【有色金属日报20250623】\n上一篇：\n【MA日报20250401】\n下一篇：\n【L日报20250401】\n返回顶部\n400-700-5186\n客服中心\n下载APP\n客服热线\n400-700-5186\n客服中心\n客服 : 374376397\n下载APP',566,279,'html','2026-07-06 11:26:41','2026-07-06 11:26:41'),(2,1,'无障碍浏览\n客服电话:\n400-700-5186\n【L日报20250401】\n[收藏本页面]\n[\n大\n中\n小\n]\n[打印]\n免责申明:\n本报告版权归“浙商期货”所有，未经事先书面授权，任何人不得对本报告进行任何形式的发布、复制。如引用、刊发，需注明出处为“浙商期货”，且不得对本报告进行有悖原意的删节和修改。本报告基于我公司及其研究人员认为可信的公开资料或实地调研资料，但我公司及其研究人员对这些信息的准确性和完整性不作任何保证，且本报告中的资料、意见、预测均反映报告初次公开发布时的判断，可能会随时调整。报告中的信息或所表达意见不构成投资、法律、会计或税务的最终操作建议，我公司不就报告中的内容对最终操作建议做出任何担保。我公司的关联机构或个人可能在本报告公开发布之前已经使用或了解其中的信息。\n[收藏本页面]\n[\n大\n中\n小\n]\n[打印]\n相关信息\n【PG日报20250623】\n【宏观日报20250623】\n【白银日报20250623】\n【黄金日报20250623】\n【有色金属日报20250623】\n上一篇：\n【PP日报20250401】\n下一篇：\n【工业硅和多晶硅日报20250401】\n返回顶部\n400-700-5186\n客服中心\n下载APP\n客服热线\n400-700-5186\n客服中心\n客服 : 374376397\n下载APP','无障碍浏览\n400-700-5186\n【L日报20250401】\n[收藏本页面]\n[\n大\n中\n小\n]\n[打印]\n免责申明:\n[收藏本页面]\n[\n大\n中\n小\n]\n[打印]\n相关信息\n【PG日报20250623】\n【宏观日报20250623】\n【白银日报20250623】\n【黄金日报20250623】\n【有色金属日报20250623】\n上一篇：\n【PP日报20250401】\n下一篇：\n【工业硅和多晶硅日报20250401】\n返回顶部\n400-700-5186\n客服中心\n下载APP\n客服热线\n400-700-5186\n客服中心\n客服 : 374376397\n下载APP',571,284,'html','2026-07-06 11:26:41','2026-07-06 11:26:41'),(3,4,'无障碍浏览\n客服电话:\n400-700-5186\nPXTA日报20250401\n[收藏本页面]\n[\n大\n中\n小\n]\n[打印]\n免责申明:\n本报告版权归“浙商期货”所有，未经事先书面授权，任何人不得对本报告进行任何形式的发布、复制。如引用、刊发，需注明出处为“浙商期货”，且不得对本报告进行有悖原意的删节和修改。本报告基于我公司及其研究人员认为可信的公开资料或实地调研资料，但我公司及其研究人员对这些信息的准确性和完整性不作任何保证，且本报告中的资料、意见、预测均反映报告初次公开发布时的判断，可能会随时调整。报告中的信息或所表达意见不构成投资、法律、会计或税务的最终操作建议，我公司不就报告中的内容对最终操作建议做出任何担保。我公司的关联机构或个人可能在本报告公开发布之前已经使用或了解其中的信息。\n[收藏本页面]\n[\n大\n中\n小\n]\n[打印]\n相关信息\n【PG日报20250623】\n【宏观日报20250623】\n【白银日报20250623】\n【黄金日报20250623】\n【有色金属日报20250623】\n上一篇：\n【SH日报20250401】\n下一篇：\n【有色金属日报20250401】\n返回顶部\n400-700-5186\n客服中心\n下载APP\n客服热线\n400-700-5186\n客服中心\n客服 : 374376397\n下载APP','无障碍浏览\n400-700-5186\nPXTA日报20250401\n[收藏本页面]\n[\n大\n中\n小\n]\n[打印]\n免责申明:\n[收藏本页面]\n[\n大\n中\n小\n]\n[打印]\n相关信息\n【PG日报20250623】\n【宏观日报20250623】\n【白银日报20250623】\n【黄金日报20250623】\n【有色金属日报20250623】\n上一篇：\n【SH日报20250401】\n下一篇：\n【有色金属日报20250401】\n返回顶部\n400-700-5186\n客服中心\n下载APP\n客服热线\n400-700-5186\n客服中心\n客服 : 374376397\n下载APP',569,282,'html','2026-07-06 11:26:41','2026-07-06 11:26:41'),(4,3,'无障碍浏览\n客服电话:\n400-700-5186\n【MA日报20250401】\n[收藏本页面]\n[\n大\n中\n小\n]\n[打印]\n免责申明:\n本报告版权归“浙商期货”所有，未经事先书面授权，任何人不得对本报告进行任何形式的发布、复制。如引用、刊发，需注明出处为“浙商期货”，且不得对本报告进行有悖原意的删节和修改。本报告基于我公司及其研究人员认为可信的公开资料或实地调研资料，但我公司及其研究人员对这些信息的准确性和完整性不作任何保证，且本报告中的资料、意见、预测均反映报告初次公开发布时的判断，可能会随时调整。报告中的信息或所表达意见不构成投资、法律、会计或税务的最终操作建议，我公司不就报告中的内容对最终操作建议做出任何担保。我公司的关联机构或个人可能在本报告公开发布之前已经使用或了解其中的信息。\n[收藏本页面]\n[\n大\n中\n小\n]\n[打印]\n相关信息\n【PG日报20250623】\n【宏观日报20250623】\n【白银日报20250623】\n【黄金日报20250623】\n【有色金属日报20250623】\n上一篇：\n【黑色日报20250401】\n下一篇：\n【PP日报20250401】\n返回顶部\n400-700-5186\n客服中心\n下载APP\n客服热线\n400-700-5186\n客服中心\n客服 : 374376397\n下载APP','无障碍浏览\n400-700-5186\n【MA日报20250401】\n[收藏本页面]\n[\n大\n中\n小\n]\n[打印]\n免责申明:\n[收藏本页面]\n[\n大\n中\n小\n]\n[打印]\n相关信息\n【PG日报20250623】\n【宏观日报20250623】\n【白银日报20250623】\n【黄金日报20250623】\n【有色金属日报20250623】\n上一篇：\n【黑色日报20250401】\n下一篇：\n【PP日报20250401】\n返回顶部\n400-700-5186\n客服中心\n下载APP\n客服热线\n400-700-5186\n客服中心\n客服 : 374376397\n下载APP',567,280,'html','2026-07-06 11:26:41','2026-07-06 11:26:41'),(5,5,'无障碍浏览\n客服电话:\n400-700-5186\n【SH日报20250401】\n[收藏本页面]\n[\n大\n中\n小\n]\n[打印]\n免责申明:\n本报告版权归“浙商期货”所有，未经事先书面授权，任何人不得对本报告进行任何形式的发布、复制。如引用、刊发，需注明出处为“浙商期货”，且不得对本报告进行有悖原意的删节和修改。本报告基于我公司及其研究人员认为可信的公开资料或实地调研资料，但我公司及其研究人员对这些信息的准确性和完整性不作任何保证，且本报告中的资料、意见、预测均反映报告初次公开发布时的判断，可能会随时调整。报告中的信息或所表达意见不构成投资、法律、会计或税务的最终操作建议，我公司不就报告中的内容对最终操作建议做出任何担保。我公司的关联机构或个人可能在本报告公开发布之前已经使用或了解其中的信息。\n[收藏本页面]\n[\n大\n中\n小\n]\n[打印]\n相关信息\n【PG日报20250623】\n【宏观日报20250623】\n【白银日报20250623】\n【黄金日报20250623】\n【有色金属日报20250623】\n上一篇：\n【PG日报20250401】\n下一篇：\nPXTA日报20250401\n返回顶部\n400-700-5186\n客服中心\n下载APP\n客服热线\n400-700-5186\n客服中心\n客服 : 374376397\n下载APP','无障碍浏览\n400-700-5186\n【SH日报20250401】\n[收藏本页面]\n[\n大\n中\n小\n]\n[打印]\n免责申明:\n[收藏本页面]\n[\n大\n中\n小\n]\n[打印]\n相关信息\n【PG日报20250623】\n【宏观日报20250623】\n【白银日报20250623】\n【黄金日报20250623】\n【有色金属日报20250623】\n上一篇：\n【PG日报20250401】\n下一篇：\nPXTA日报20250401\n返回顶部\n400-700-5186\n客服中心\n下载APP\n客服热线\n400-700-5186\n客服中心\n客服 : 374376397\n下载APP',567,280,'html','2026-07-06 11:26:41','2026-07-06 11:26:41'),(6,6,'无障碍浏览\n客服电话:\n400-700-5186\n【UR日报20250331】\n[收藏本页面]\n[\n大\n中\n小\n]\n[打印]\n免责申明:\n本报告版权归“浙商期货”所有，未经事先书面授权，任何人不得对本报告进行任何形式的发布、复制。如引用、刊发，需注明出处为“浙商期货”，且不得对本报告进行有悖原意的删节和修改。本报告基于我公司及其研究人员认为可信的公开资料或实地调研资料，但我公司及其研究人员对这些信息的准确性和完整性不作任何保证，且本报告中的资料、意见、预测均反映报告初次公开发布时的判断，可能会随时调整。报告中的信息或所表达意见不构成投资、法律、会计或税务的最终操作建议，我公司不就报告中的内容对最终操作建议做出任何担保。我公司的关联机构或个人可能在本报告公开发布之前已经使用或了解其中的信息。\n[收藏本页面]\n[\n大\n中\n小\n]\n[打印]\n相关信息\n【PG日报20250623】\n【宏观日报20250623】\n【白银日报20250623】\n【黄金日报20250623】\n【有色金属日报20250623】\n上一篇：\n【股指日报20250331】\n下一篇：\n【PG日报20250331】\n返回顶部\n400-700-5186\n客服中心\n下载APP\n客服热线\n400-700-5186\n客服中心\n客服 : 374376397\n下载APP','无障碍浏览\n400-700-5186\n【UR日报20250331】\n[收藏本页面]\n[\n大\n中\n小\n]\n[打印]\n免责申明:\n[收藏本页面]\n[\n大\n中\n小\n]\n[打印]\n相关信息\n【PG日报20250623】\n【宏观日报20250623】\n【白银日报20250623】\n【黄金日报20250623】\n【有色金属日报20250623】\n上一篇：\n【股指日报20250331】\n下一篇：\n【PG日报20250331】\n返回顶部\n400-700-5186\n客服中心\n下载APP\n客服热线\n400-700-5186\n客服中心\n客服 : 374376397\n下载APP',567,280,'html','2026-07-06 11:26:43','2026-07-06 11:26:43'),(7,7,'\n## Page 1\n行\n 业\n 研   投资咨询业务资格：\n 究\n    证监许可[2011]1771号\n\n\n\n研\n究\n   2025年4月1日所                 研究所晨会观点精萃\n晨\n会 分析师\n   贾利军观             宏观金融：美国关税即将落地，全球市场波动加剧\n    从业资格证号：F0256916\n点\n    投资咨询证号：Z0000671\n精\n     电话：021-68757181     【宏观】海外方面，美国将于4 月2 日决定最终关税政策，对等关税计划不会包\n萃\n     邮箱：jialj@qh168.com.cn   含任何豁免条款，高盛将未来12 个月美国经济衰退的概率从此前的20%大幅提\n   明道雨\n                  升至35%，随着经济前景恶化，预计美联储年内将降息三次；美国关税即将落\n    从业资格证号：F03092124\n                  地导致市场避险情绪持续升温，美元短期继续走弱，全球风险偏好整体降温。    投资咨询证号：Z0018827\n     电话：021-68758120      国内方面，中国3 月官方制造业PMI 50.5，制造业扩张速度一年来最快，经济\n     邮箱：mingdy@qh168.com.cn  复苏有所加快；虽然国内经济趋稳且国内政策支持力度有所加大，但是外部冲\n   刘慧峰\n                  击的不确定性增大，导致国内市场风险偏好整体降温。资产上：股指短期震\n    从业资格证号：F3033924\n                  荡，短期谨慎观望。国债短期震荡反弹，谨慎做多。商品板块来看，黑色短期    投资咨询证号：Z0013026\n     电话：021-68757089      震荡，短期谨慎观望；有色短期震荡回调，短期谨慎观望；能化短期震荡上\n     邮箱：Liuhf@qh168.com.cn   涨，谨慎做多；贵金属短期高位偏强震荡，谨慎做多。\n   刘兵\n    从业资格证号：F03091165\n                 【股指】在光伏设备、化工以及电池等板块的拖累下，国内股市小幅下跌。基本    投资咨询证号：Z0019876\n    联系电话：021-68757827    面上，中国3 月官方制造业PMI 50.5，制造业扩张速度一年来最快，经济复苏\n     邮箱：liub@qh168.com.cn   有所加快；虽然国内经济趋稳且国内政策支持力度有所加大，但是外部冲击的\n   王亦路\n                  不确定性增大，导致国内市场风险偏好整体降温。操作方面，短期谨慎观望。\n    从业资格证号：F03089928\n    投资咨询证号：Z0019740\n     电话：021-68757827     【贵金属】周一黄金再破历史新高，沪金主力合约一路上涨突破730 关口，\n     邮箱：wangyil@qh168.com.cn    COMEX 黄金6 月合约收至3150 美元一线，贸易紧张局势带来的避险买盘推动黄\n   冯冰\n                   金强力上行。2 月核心PCE 同比高于市场预期升至2.8%，为24 年12 月以来新\n    从业资格证号：F3077183\n                   高，消费者信心指数下滑至57 凸显经济韧性弱化。特朗普关税政策由预期转    投资咨询证号：Z0016121\n     电话：021-68758859      向落地，叠加中东局势动荡及俄乌和谈僵局，推动资金加速涌入避险资产。美\n     邮箱：fengb@qh168.com.cn   联储官员密集发声强调“按兵不动”，但实际利率下行预期支撑贵金属估值。\n\n                  短期关注关税政策落地引发的波动，滞胀逻辑下实际利率压制与全球去美元化\n\n                  趋势仍对黄金构成长期支撑，白银则受工业属性拖累走势落后黄金，对黄金维\n\n                  持中长期继续看多思路，若出现一定幅度回调可陆续布局中长线仓位。\n\n\n\n               黑色金属：市场避险情绪增加，钢材期现货价格延续弱势\n\n\n                 【钢材】周一，国内钢材期现货市场继续延续弱势，市场成交量量低位运行。关\n\n                  税政策的担忧导致市场避险情绪增加，股市商品均不同程度回调。基本面方\n\n                  面，现实需求继续走弱，4 月份将继续考察需求承接能力。关税政策落地之\n\n                     后，4 月份也到了观察出口影响的时间窗口。供应方面，3 月份钢厂盈利尚\n\n                  可，粗钢、铁水产量环比快速增长，4 月份之后钢材供应仍有进一步增长空\n\n\n                                                     1 / 6         请务必仔细阅读正文后免责申\nHTTP://WWW.QH168.COM.CN\n                          明\n\n\n## Page 2\n研究所晨会观点精粹\n\n\n\n                     间，铁水产量预计会回升至240-245 万吨之间。短期来看，临近月底，又逢清\n\n                  明小长假，钢材市场或继续以区间震荡为主。\n\n\n                 【铁矿石】周一，铁矿石期现货价格跌幅继续扩大。铁水产量继续延续回升趋\n\n                  势，结合当下钢厂利润水平，铁水产量依然有进一步回升的恐慌。供应方面，\n\n                    本周全球铁矿石发运量环比回升103.1 万吨，同时因前期发货量回落原因，到\n\n                     港量环比回落267 万吨。铁矿石港口库存上周则小幅回升。总体来看，铁矿石\n\n                  价格短期仍以区间震荡为主，走势将跟随钢材价格变化。\n\n\n                 【硅锰/硅铁】周一，硅锰现货价格持平，硅铁现货价格小幅回落。上周五大品\n\n                   种钢材产量继续回升，铁合金需求尚可。硅锰6517 北方市场价格5850-5900\n\n                        元/吨，南方市场价格5850-5950 元/吨，锰矿现货也延续弱势，天津港南非半\n\n                         碳酸价格35-35.5 元/吨度，南非高铁32-32.5 元/吨度，加蓬42.5-43 元/吨\n\n                        度，澳块43-44 元/吨度。受硅锰企业亏损幅度扩大影响，硅锰供应继续回\n\n                             落，Mysteel 统计全国187 家独立硅锰企业样本：开工率全国48.22%，较上周\n\n                         减0.65%；日均产量28490 吨，减455 吨。硅铁主产区72 硅铁自然块现金含税\n\n                             出厂5650-5850 元/吨，75 硅铁价格报6050-6200 元/吨。原料方面，兰炭市场\n\n                   报价持稳，现府谷市场小料出厂价现金含税报610 元/吨左右。供应继续维持\n\n                  低位， Mysteel 统计全国136 家独立硅铁企业样本：开工率（产能利用率）全\n\n                        国37.13%，较上期降0.63%；日均产量16005 吨，较上期增15 吨。短期铁合\n\n                  金价格仍以区间震荡思路对待。\n\n\n               能源化工：特朗普威胁打压俄油出口，油价上行\n\n\n\n                 【原油】特朗普表示对俄罗斯感到生气，并表示如果俄拒绝与乌克兰停火，他将\n\n                 考虑对俄罗斯石油买家征收二级关税。另外伊朗表示，如果美国威胁转变为实际\n\n                 行动，美国将受到打击，地缘政治风险大幅回升。市场目前在权衡需求风险和供\n\n                 应风险 ，短期制裁导致的供应担忧占据上风，油价小幅上行。\n\n\n                 【沥青】价格跟随油价小幅回升，但现货涨幅明显有限，基差近期大幅下降。供\n\n                 需两弱局面维持，厂家库存近期保持相对稳定，但库存转移效率放缓，社会库存\n\n                   有一定走高。4 月下游需求恢复情况仍然一般，叠加今年基建投资占比较少，后续\n\n                 资金问题仍然将持续，发货或将继续保持中性水平。近期价格并无明显上行驱动，\n\n                 后期或跟涨原油但幅度有限，保持震荡格局。\n\n\n                    【PX】外盘价格跟随原油回升至847 美金，PXN 价差回落至201 美金。短期PTA 开\n\n                  工仍然偏低，头部装置检修仍在增加，后期PX 至4 月供需好转情况仍然有限。但\n\n                  近期海外汽油需求增加，调油套利空间转正，后期或仍有季节性走强空间，PX 跟\n\n                 随原油小幅反弹概率仍在。\n\n\n                            【PTA】PTA 跟随PX 成本走强而上升，幅度不及原料。另外下游开工继续回升，以\n\n                  及4 月检修计划仍有增加，PTA 去库将持续，但近期盘面已经计价，资金持仓近\n\n\n\n\nHTTP://WWW.QH168.COM.CN                            2 / 6         请务必仔细阅读正文后免责申明\n\n\n## Page 3\n研究所晨会观点精粹\n\n\n\n                 期空单离场明显导致价格小幅反弹。但近期终端产销仍然一般，故主力上行幅度\n\n                 可能有限，短期仍需要关注原油价格变动情况。\n\n\n                 【乙二醇】乙二醇港口库存再度小幅累库，价格因此受到打压持续保持偏低位\n                 置。目前煤制装置开工已经明显下行，但供应由于前期价格高位导致的偏高进口\n                 仍将保持一阶段的高位，后续供应将逐渐下降。近期价格更多在夯实底部，短期\n                 下游短纤减产，关注瓶片能否有更多开工支撑，乙二醇近期继续保持震荡格局。\n\n\n                  【短纤】短纤多家企业宣布行业自律，规模达到10%。近期短纤企业发货也加快，\n\n                 价格存在一定支撑。纱厂开工提升，原料库存下行，成交价格小幅抬升，后期关\n\n                 注库存去化能否持续，短期能化情绪有触底回稳迹象，短纤价格预计回归震荡格\n\n                 局。\n\n\n                 【甲醇】港口供需情况目前尚可，库存降幅下降。国际装置开工近期明显提升，\n\n                  进口预期4 月下到5 月恢复，内地库存维持小幅下降，整体仍在去库进程当中，\n\n                  近月甲醇偏强。随着进口的逐渐恢复，甲醇供应端压力凸显，价格承压，05 合约\n\n                     震荡，09 合约偏空\n\n\n                         【PP】PP 下游维持偏弱状态，但上游检修逐步启动，4 月开始迎来检修旺季，新\n\n                 增产能投放推迟，供应端压力预期缓解，库存短期内向下游传导，基本面边际改\n\n                 善，价格预计震荡修复。\n\n\n                            【LLDPE】PE 下游需求旺季，开工仍在攀升，但上涨幅度缩小，下游订单跟进有\n\n                 限，且高价抑制部分需求，同时供应充足，投产在即，上方压力较大，下方受旺\n\n                 季需求支撑，预计震荡为主，短期可能随原油而企稳，关注新增产能投放情况。\n\n\n               有色：“对等关税”日临近，有色整体承压\n\n\n                   【铜】公布的中国制造业PMI 为50.5，符合预期，前值50.2。国内经济虽边际改\n\n                 善，在工业企业利润偏弱和居民消费意愿不强的背景下，不具有强复苏空间，经\n\n                   济仍有波折，二季度PMI 边际下降。距离4 月2 日的“对等关税”日越来越近，\n\n                 市场关注度较高，对经济忧虑风险开始提升。对铜加关税将很快实施，目前市场\n\n                 逻辑开始聚焦于以下两点：1、随着对铜关税提前，流向美国的铜减少，非美地区\n\n                 增加；2、关税将对全球制造业造成影响，降低对铜的需求。短期仍有回调压力。\n\n\n                 【铝】铝锭小幅去库，铝棒去库幅度较大，但铝棒库存依然高于去年同期。铝自\n                 身基本面尚可，但自身基本面缺乏故事可讲，虽然产能天花板临近，但产量处于\n                 高位和进口刚性，需求端也没有爆发式增长的可能，整体平淡，而当前市场主要\n                 矛盾是宏观偏弱和铜价下跌，短期偏空。\n\n\n                 【锡】传原定于4 月1 日召开曼相矿山复工复产交流会被取消，夜盘锡价上涨。\n\n                 缅甸遭受强震，由于缅甸锡矿的重要地位，锡价拉升，但佤邦尚未全面复产，需\n\n                 要一定周期筹备，短期内更可能影响道路运输，鉴于佤邦距离震中较远，预计影\n\n\n\nHTTP://WWW.QH168.COM.CN                            3 / 6         请务必仔细阅读正文后免责申明\n\n\n## Page 4\n研究所晨会观点精粹\n\n\n\n                 响不大，刚果金战事持续，中短期矿端供应偏紧，再生锡废料供应制约依旧明显，\n\n                   云南江西两地炼厂开工率回落4.13%至57.37%，锡锭进口窗口仍处于关闭状态。\n\n                 锡价回落后，成交情况有所回温，部分下游及终端企业补库意愿有所增强，但下\n\n                  游企业采购放缓，三地社会库存继续增加，库存增加934 吨，达到11482 吨。综\n\n                 合来看，周五锡价上涨，更多是情绪推动，实际影响预计有限。目前其他有色金\n\n                 属承压回落，锡将受拖累，若关税导致经济担忧加剧，将承受更大压力，注意风\n\n                 险，但原料供应偏紧，预计将相对坚挺。\n\n\n               农产品：美国国内生物燃料政策或达成共识，国际油脂价格上涨\n\n\n\n                    【美豆】隔夜市场CBOT 大豆市场收跌，新季种植面积预估和季度库存数据符合市\n\n                 场预期，美国对外贸易紧张关系加剧主导美豆持续疲软。季度谷物库存报告显示，\n\n                        截至2025 年3 月1 日，美国大豆库存为19.10 亿蒲式耳。去年同期库存为18.45\n\n                   亿蒲式耳。美国农业部预计，2025 年美国大豆种植面积为8349.5 万英亩，低于\n\n                       上年的8705 万英为2020 年以来最低；玉米种植面积为9532.6 万英亩，高于去年\n\n                            的9059.4 万英亩，为2013 年以来最高水平。\n\n                       【豆粕】据Mysteel 对国内主要油厂调查数据显示：2025 年第13 周，全国主要\n\n                  油厂大豆库存，豆粕库存，未执行合同全部下降。油厂开机降低历史低位，4 月预\n\n                         估压榨600-650 万吨，豆粕产出供应收缩，需求上受补库及替代消费增加影响或\n\n                 有增加，豆粕4 月去库预期不变。我们预计，豆粕库存或收缩至2023 年同期水\n\n                 平，豆粕基差不排除出现再溢价风险。期货方面，美豆季度报告指引支撑增强，\n\n                 但阶段性受美国贸易关系主导疲软，豆粕成本端支撑略减弱。综合看，豆粕期货\n\n                 空头市场格局暂未改善，上涨驱动不足但破位下行概率也不大，区间震荡行情或\n\n                 延续。\n\n                 【菜粕】国内逐渐进入水产需求旺季，但豆菜粕现货价差收缩，豆粕替代菜粕消\n                   费有望增加，菜粕现阶段高库存去化依然缓慢。。据Mysteel 调研数据显示：截\n                          至2025 年第12 周，沿海油厂菜粕库存为2.65 万吨，较上周减少0.60 万吨 ；华\n                     东地区菜粕库存44.76 万吨，较上周减少0.60 万吨；华南地区菜粕库存为15.7\n                    万吨，较上周减少0.20 万吨；全国主要地区菜粕库存总计63.11 万吨，较上周减\n                          少1.40 万吨。国内菜粕关税成本限制直接进口骤减，菜籽远期预期到港也不多，\n                 压榨产出补充也不足，中期菜粕依然具备驱动上涨的可能。重点关注中加菜系贸\n                 易相关政策调整。\n                        【豆油】据Mysteel 调研显示，截至2025 年03 月28 日，全国重点地区豆油、棕\n                   榈油、菜油三大油脂商业库存总量为198.55 万吨，较上周减少5.97 万吨，跌幅\n                      2.92%；同比去年同期上涨20.25 万吨，涨幅11.36%。未来进口大豆到港紧缩状\n                 况将逐步改善，阶段性供需转宽预期叠加消费疲软，市场情绪悲观、基差偏弱或\n                 将持续。阶段性受国际油脂走强提振反弹，国内菜棕价格溢价支撑稳固，窄幅区\n                 间震荡行情或维持。\n                 【棕榈油】近月马来西亚棕榈油增产季在即，出口环比持续疲软，棕榈油上涨驱\n                  动减弱。上周美国生柴政策预期较前期整理有所改善，2026 开始增加可再生能源\n                 掺混目标量基本达成共识，但就中小掺混义务商豁免问题仍存在分歧，最重要的\n                  掺混抵税政策仍悬而未决。4 月份美豆油受政策不确定影响波动增加，马棕短期\n                 超跌叠加相关市场提振反弹较多，但自身基本面趋弱且豆棕依然存在倒挂状态。\n                 综合看，棕榈油上涨空间或有限，震荡区间下破或依然需要等待政策明晰且产地\n\n\n\nHTTP://WWW.QH168.COM.CN                            4 / 6         请务必仔细阅读正文后免责申明  4\n\n\n## Page 5\n研究所晨会观点精粹\n\n\n\n                 增产节奏加快。未来印尼方面提高出口专项税风险或持续存在，也仍需持续关注。\n                 【菜油】国内进口菜油累库，高价供销清淡，阶段性供需宽松或限制盘中风险偏\n                  好。国内进口菜籽压榨利润丰厚和近月到港受政策不确定影响依然偏少，ICE 菜\n                 籽支撑稳定且阶段性反弹也在增加菜籽进口成本，菜油部分受成本驱动下买盘兴\n                 趣持续未减。基于未来直接进口的关税成本限制，及未来菜籽进口的不确定影响，\n                 油厂及渠道挺价意愿均偏强，短期菜油溢价回落或只能等待政策风险消退了。\n                 【生猪】月末集团场出栏节奏略快，大体重猪出栏增多，现货上涨驱动不足，周\n                 末现货回调。肥标价差收缩，尽管二育成本下跌，但再补栏表现谨慎。期货方面，\n                 上市披露的年养殖成本预估大幅下移，市场预期价格的价格重心有所下移，高基\n                 差下投机买盘兴趣也在减弱。短期，节日档口现货稳定为主，但生猪出栏体重逐\n                 步见顶，再出栏去体重周期，后期现货承压概率较高。\n                 【玉米】玉米目前疲软主要受旧作小麦轮出+新季丰产预期影响，华北地区饲用替\n\n                 代增多。玉米淀粉消费较差，深加工利润亏导致开机趋下滑，此外下游的饲料企\n\n                 业持续刚需采购。贸易方面，随着贸易出货增多，北港下海量有增加，但是南港\n\n                 买涨不买跌，成交依然偏差，港口库存高。现阶段，小麦市场成为谷物市场主导，\n\n                 丰产上市预期下，玉米预期很难有提振。\n\n\n\n\n\nHTTP://WWW.QH168.COM.CN                            5 / 6         请务必仔细阅读正文后免责申明\n\n\n## Page 6\n以上文中涉及数据来自：Wind、iFind、彭博、路透、百川盈孚、Mysteel、SMM，东海期货研究所整理\n\n\n重要声明\n    本报告由东海期货有限责任公司研究所团队完成，报告中信息均源于公开可获得资料。东海期\n\n\n货力求报告内容的客观、公正，但对这些信息的准确性及完整性不做任何保证，也不保证所包含的信\n\n\n息和建议不会发生任何变更。报告中的观点、结论和建议等全部内容只提供给客户做参考之用，并不\n\n\n构成对客户的投资建议，也未考虑个别客户特殊的投资目标、财务状况或需要，客户不应单纯依靠本\n\n\n报告而取代个人的独立判断。在任何情况下，本公司不对任何人因使用本报告中的任何内容所导致的\n\n\n任何损失负任何责任，交易者需自行承担风险。本报告版权仅为东海期货有限责任公司研究所所有，\n\n\n未经书面许可，任何机构和个人不得以任何形式翻版、复制发布，如引用、转载、刊发，须注明出处\n\n\n为东海期货有限责任公司。\n\n\n\n\n\n东海期货有限责任公司研究所\n地址：上海浦东新区峨山路505号东方纯一大厦10楼\n联系人：贾利军\n 电话：021-68757181\n 网址：www.qh168.com.cn\n E-MAIL:Jialj@qh168.com.cn\n\n\n\n\n\nHTTP://WWW.QH168.COM.CN                            6 / 6         请务必仔细阅读正文后免责申明','## Page 1\n行\n业\n研 投资咨询业务资格：\n究\n证监许可[2011]1771号\n\n研\n究\n2025年4月1日所 研究所晨会观点精萃\n晨\n会 分析师\n贾利军观 宏观金融：美国关税即将落地，全球市场波动加剧\n从业资格证号：F0256916\n点\n投资咨询证号：Z0000671\n精\n电话：021-68757181 【宏观】海外方面，美国将于4 月2 日决定最终关税政策，对等关税计划不会包\n萃\n邮箱：jialj@qh168.com.cn 含任何豁免条款，高盛将未来12 个月美国经济衰退的概率从此前的20%大幅提\n明道雨\n升至35%，随着经济前景恶化，预计美联储年内将降息三次；美国关税即将落\n从业资格证号：F03092124\n地导致市场避险情绪持续升温，美元短期继续走弱，全球风险偏好整体降温。 投资咨询证号：Z0018827\n电话：021-68758120 国内方面，中国3 月官方制造业PMI 50.5，制造业扩张速度一年来最快，经济\n邮箱：mingdy@qh168.com.cn 复苏有所加快；虽然国内经济趋稳且国内政策支持力度有所加大，但是外部冲\n刘慧峰\n击的不确定性增大，导致国内市场风险偏好整体降温。资产上：股指短期震\n从业资格证号：F3033924\n荡，短期谨慎观望。国债短期震荡反弹，谨慎做多。商品板块来看，黑色短期 投资咨询证号：Z0013026\n电话：021-68757089 震荡，短期谨慎观望；有色短期震荡回调，短期谨慎观望；能化短期震荡上\n邮箱：Liuhf@qh168.com.cn 涨，谨慎做多；贵金属短期高位偏强震荡，谨慎做多。\n刘兵\n从业资格证号：F03091165\n【股指】在光伏设备、化工以及电池等板块的拖累下，国内股市小幅下跌。基本 投资咨询证号：Z0019876\n邮箱：liub@qh168.com.cn 有所加快；虽然国内经济趋稳且国内政策支持力度有所加大，但是外部冲击的\n王亦路\n不确定性增大，导致国内市场风险偏好整体降温。操作方面，短期谨慎观望。\n从业资格证号：F03089928\n投资咨询证号：Z0019740\n电话：021-68757827 【贵金属】周一黄金再破历史新高，沪金主力合约一路上涨突破730 关口，\n邮箱：wangyil@qh168.com.cn COMEX 黄金6 月合约收至3150 美元一线，贸易紧张局势带来的避险买盘推动黄\n冯冰\n金强力上行。2 月核心PCE 同比高于市场预期升至2.8%，为24 年12 月以来新\n从业资格证号：F3077183\n高，消费者信心指数下滑至57 凸显经济韧性弱化。特朗普关税政策由预期转 投资咨询证号：Z0016121\n电话：021-68758859 向落地，叠加中东局势动荡及俄乌和谈僵局，推动资金加速涌入避险资产。美\n邮箱：fengb@qh168.com.cn 联储官员密集发声强调“按兵不动”，但实际利率下行预期支撑贵金属估值。\n\n短期关注关税政策落地引发的波动，滞胀逻辑下实际利率压制与全球去美元化\n\n趋势仍对黄金构成长期支撑，白银则受工业属性拖累走势落后黄金，对黄金维\n\n持中长期继续看多思路，若出现一定幅度回调可陆续布局中长线仓位。\n\n黑色金属：市场避险情绪增加，钢材期现货价格延续弱势\n\n【钢材】周一，国内钢材期现货市场继续延续弱势，市场成交量量低位运行。关\n\n税政策的担忧导致市场避险情绪增加，股市商品均不同程度回调。基本面方\n\n面，现实需求继续走弱，4 月份将继续考察需求承接能力。关税政策落地之\n\n后，4 月份也到了观察出口影响的时间窗口。供应方面，3 月份钢厂盈利尚\n\n可，粗钢、铁水产量环比快速增长，4 月份之后钢材供应仍有进一步增长空\n\n1 / 6 请务必仔细阅读正文后免责申\nHTTP://WWW.QH168.COM.CN\n明\n\n## Page 2\n研究所晨会观点精粹\n\n间，铁水产量预计会回升至240-245 万吨之间。短期来看，临近月底，又逢清\n\n明小长假，钢材市场或继续以区间震荡为主。\n\n【铁矿石】周一，铁矿石期现货价格跌幅继续扩大。铁水产量继续延续回升趋\n\n势，结合当下钢厂利润水平，铁水产量依然有进一步回升的恐慌。供应方面，\n\n本周全球铁矿石发运量环比回升103.1 万吨，同时因前期发货量回落原因，到\n\n港量环比回落267 万吨。铁矿石港口库存上周则小幅回升。总体来看，铁矿石\n\n价格短期仍以区间震荡为主，走势将跟随钢材价格变化。\n\n【硅锰/硅铁】周一，硅锰现货价格持平，硅铁现货价格小幅回落。上周五大品\n\n种钢材产量继续回升，铁合金需求尚可。硅锰6517 北方市场价格5850-5900\n\n元/吨，南方市场价格5850-5950 元/吨，锰矿现货也延续弱势，天津港南非半\n\n碳酸价格35-35.5 元/吨度，南非高铁32-32.5 元/吨度，加蓬42.5-43 元/吨\n\n度，澳块43-44 元/吨度。受硅锰企业亏损幅度扩大影响，硅锰供应继续回\n\n落，Mysteel 统计全国187 家独立硅锰企业样本：开工率全国48.22%，较上周\n\n减0.65%；日均产量28490 吨，减455 吨。硅铁主产区72 硅铁自然块现金含税\n\n出厂5650-5850 元/吨，75 硅铁价格报6050-6200 元/吨。原料方面，兰炭市场\n\n报价持稳，现府谷市场小料出厂价现金含税报610 元/吨左右。供应继续维持\n\n低位， Mysteel 统计全国136 家独立硅铁企业样本：开工率（产能利用率）全\n\n国37.13%，较上期降0.63%；日均产量16005 吨，较上期增15 吨。短期铁合\n\n金价格仍以区间震荡思路对待。\n\n能源化工：特朗普威胁打压俄油出口，油价上行\n\n【原油】特朗普表示对俄罗斯感到生气，并表示如果俄拒绝与乌克兰停火，他将\n\n考虑对俄罗斯石油买家征收二级关税。另外伊朗表示，如果美国威胁转变为实际\n\n行动，美国将受到打击，地缘政治风险大幅回升。市场目前在权衡需求风险和供\n\n应风险 ，短期制裁导致的供应担忧占据上风，油价小幅上行。\n\n【沥青】价格跟随油价小幅回升，但现货涨幅明显有限，基差近期大幅下降。供\n\n需两弱局面维持，厂家库存近期保持相对稳定，但库存转移效率放缓，社会库存\n\n有一定走高。4 月下游需求恢复情况仍然一般，叠加今年基建投资占比较少，后续\n\n资金问题仍然将持续，发货或将继续保持中性水平。近期价格并无明显上行驱动，\n\n后期或跟涨原油但幅度有限，保持震荡格局。\n\n【PX】外盘价格跟随原油回升至847 美金，PXN 价差回落至201 美金。短期PTA 开\n\n工仍然偏低，头部装置检修仍在增加，后期PX 至4 月供需好转情况仍然有限。但\n\n近期海外汽油需求增加，调油套利空间转正，后期或仍有季节性走强空间，PX 跟\n\n随原油小幅反弹概率仍在。\n\n【PTA】PTA 跟随PX 成本走强而上升，幅度不及原料。另外下游开工继续回升，以\n\n及4 月检修计划仍有增加，PTA 去库将持续，但近期盘面已经计价，资金持仓近\n\nHTTP://WWW.QH168.COM.CN 2 / 6 请务必仔细阅读正文后免责申明\n\n## Page 3\n研究所晨会观点精粹\n\n期空单离场明显导致价格小幅反弹。但近期终端产销仍然一般，故主力上行幅度\n\n可能有限，短期仍需要关注原油价格变动情况。\n\n【乙二醇】乙二醇港口库存再度小幅累库，价格因此受到打压持续保持偏低位\n置。目前煤制装置开工已经明显下行，但供应由于前期价格高位导致的偏高进口\n仍将保持一阶段的高位，后续供应将逐渐下降。近期价格更多在夯实底部，短期\n下游短纤减产，关注瓶片能否有更多开工支撑，乙二醇近期继续保持震荡格局。\n\n【短纤】短纤多家企业宣布行业自律，规模达到10%。近期短纤企业发货也加快，\n\n价格存在一定支撑。纱厂开工提升，原料库存下行，成交价格小幅抬升，后期关\n\n注库存去化能否持续，短期能化情绪有触底回稳迹象，短纤价格预计回归震荡格\n\n【甲醇】港口供需情况目前尚可，库存降幅下降。国际装置开工近期明显提升，\n\n进口预期4 月下到5 月恢复，内地库存维持小幅下降，整体仍在去库进程当中，\n\n近月甲醇偏强。随着进口的逐渐恢复，甲醇供应端压力凸显，价格承压，05 合约\n\n震荡，09 合约偏空\n\n【PP】PP 下游维持偏弱状态，但上游检修逐步启动，4 月开始迎来检修旺季，新\n\n增产能投放推迟，供应端压力预期缓解，库存短期内向下游传导，基本面边际改\n\n善，价格预计震荡修复。\n\n【LLDPE】PE 下游需求旺季，开工仍在攀升，但上涨幅度缩小，下游订单跟进有\n\n限，且高价抑制部分需求，同时供应充足，投产在即，上方压力较大，下方受旺\n\n季需求支撑，预计震荡为主，短期可能随原油而企稳，关注新增产能投放情况。\n\n有色：“对等关税”日临近，有色整体承压\n\n【铜】公布的中国制造业PMI 为50.5，符合预期，前值50.2。国内经济虽边际改\n\n善，在工业企业利润偏弱和居民消费意愿不强的背景下，不具有强复苏空间，经\n\n济仍有波折，二季度PMI 边际下降。距离4 月2 日的“对等关税”日越来越近，\n\n市场关注度较高，对经济忧虑风险开始提升。对铜加关税将很快实施，目前市场\n\n逻辑开始聚焦于以下两点：1、随着对铜关税提前，流向美国的铜减少，非美地区\n\n增加；2、关税将对全球制造业造成影响，降低对铜的需求。短期仍有回调压力。\n\n【铝】铝锭小幅去库，铝棒去库幅度较大，但铝棒库存依然高于去年同期。铝自\n身基本面尚可，但自身基本面缺乏故事可讲，虽然产能天花板临近，但产量处于\n高位和进口刚性，需求端也没有爆发式增长的可能，整体平淡，而当前市场主要\n矛盾是宏观偏弱和铜价下跌，短期偏空。\n\n【锡】传原定于4 月1 日召开曼相矿山复工复产交流会被取消，夜盘锡价上涨。\n\n缅甸遭受强震，由于缅甸锡矿的重要地位，锡价拉升，但佤邦尚未全面复产，需\n\n要一定周期筹备，短期内更可能影响道路运输，鉴于佤邦距离震中较远，预计影\n\nHTTP://WWW.QH168.COM.CN 3 / 6 请务必仔细阅读正文后免责申明\n\n## Page 4\n研究所晨会观点精粹\n\n响不大，刚果金战事持续，中短期矿端供应偏紧，再生锡废料供应制约依旧明显，\n\n云南江西两地炼厂开工率回落4.13%至57.37%，锡锭进口窗口仍处于关闭状态。\n\n锡价回落后，成交情况有所回温，部分下游及终端企业补库意愿有所增强，但下\n\n游企业采购放缓，三地社会库存继续增加，库存增加934 吨，达到11482 吨。综\n\n合来看，周五锡价上涨，更多是情绪推动，实际影响预计有限。目前其他有色金\n\n属承压回落，锡将受拖累，若关税导致经济担忧加剧，将承受更大压力，注意风\n\n险，但原料供应偏紧，预计将相对坚挺。\n\n农产品：美国国内生物燃料政策或达成共识，国际油脂价格上涨\n\n【美豆】隔夜市场CBOT 大豆市场收跌，新季种植面积预估和季度库存数据符合市\n\n场预期，美国对外贸易紧张关系加剧主导美豆持续疲软。季度谷物库存报告显示，\n\n截至2025 年3 月1 日，美国大豆库存为19.10 亿蒲式耳。去年同期库存为18.45\n\n亿蒲式耳。美国农业部预计，2025 年美国大豆种植面积为8349.5 万英亩，低于\n\n上年的8705 万英为2020 年以来最低；玉米种植面积为9532.6 万英亩，高于去年\n\n的9059.4 万英亩，为2013 年以来最高水平。\n\n【豆粕】据Mysteel 对国内主要油厂调查数据显示：2025 年第13 周，全国主要\n\n油厂大豆库存，豆粕库存，未执行合同全部下降。油厂开机降低历史低位，4 月预\n\n估压榨600-650 万吨，豆粕产出供应收缩，需求上受补库及替代消费增加影响或\n\n有增加，豆粕4 月去库预期不变。我们预计，豆粕库存或收缩至2023 年同期水\n\n平，豆粕基差不排除出现再溢价风险。期货方面，美豆季度报告指引支撑增强，\n\n但阶段性受美国贸易关系主导疲软，豆粕成本端支撑略减弱。综合看，豆粕期货\n\n空头市场格局暂未改善，上涨驱动不足但破位下行概率也不大，区间震荡行情或\n\n【菜粕】国内逐渐进入水产需求旺季，但豆菜粕现货价差收缩，豆粕替代菜粕消\n费有望增加，菜粕现阶段高库存去化依然缓慢。。据Mysteel 调研数据显示：截\n至2025 年第12 周，沿海油厂菜粕库存为2.65 万吨，较上周减少0.60 万吨 ；华\n东地区菜粕库存44.76 万吨，较上周减少0.60 万吨；华南地区菜粕库存为15.7\n万吨，较上周减少0.20 万吨；全国主要地区菜粕库存总计63.11 万吨，较上周减\n少1.40 万吨。国内菜粕关税成本限制直接进口骤减，菜籽远期预期到港也不多，\n压榨产出补充也不足，中期菜粕依然具备驱动上涨的可能。重点关注中加菜系贸\n易相关政策调整。\n【豆油】据Mysteel 调研显示，截至2025 年03 月28 日，全国重点地区豆油、棕\n榈油、菜油三大油脂商业库存总量为198.55 万吨，较上周减少5.97 万吨，跌幅\n2.92%；同比去年同期上涨20.25 万吨，涨幅11.36%。未来进口大豆到港紧缩状\n况将逐步改善，阶段性供需转宽预期叠加消费疲软，市场情绪悲观、基差偏弱或\n将持续。阶段性受国际油脂走强提振反弹，国内菜棕价格溢价支撑稳固，窄幅区\n间震荡行情或维持。\n【棕榈油】近月马来西亚棕榈油增产季在即，出口环比持续疲软，棕榈油上涨驱\n动减弱。上周美国生柴政策预期较前期整理有所改善，2026 开始增加可再生能源\n掺混目标量基本达成共识，但就中小掺混义务商豁免问题仍存在分歧，最重要的\n掺混抵税政策仍悬而未决。4 月份美豆油受政策不确定影响波动增加，马棕短期\n超跌叠加相关市场提振反弹较多，但自身基本面趋弱且豆棕依然存在倒挂状态。\n综合看，棕榈油上涨空间或有限，震荡区间下破或依然需要等待政策明晰且产地\n\nHTTP://WWW.QH168.COM.CN 4 / 6 请务必仔细阅读正文后免责申明 4\n\n## Page 5\n研究所晨会观点精粹\n\n增产节奏加快。未来印尼方面提高出口专项税风险或持续存在，也仍需持续关注。\n【菜油】国内进口菜油累库，高价供销清淡，阶段性供需宽松或限制盘中风险偏\n好。国内进口菜籽压榨利润丰厚和近月到港受政策不确定影响依然偏少，ICE 菜\n籽支撑稳定且阶段性反弹也在增加菜籽进口成本，菜油部分受成本驱动下买盘兴\n趣持续未减。基于未来直接进口的关税成本限制，及未来菜籽进口的不确定影响，\n油厂及渠道挺价意愿均偏强，短期菜油溢价回落或只能等待政策风险消退了。\n【生猪】月末集团场出栏节奏略快，大体重猪出栏增多，现货上涨驱动不足，周\n末现货回调。肥标价差收缩，尽管二育成本下跌，但再补栏表现谨慎。期货方面，\n上市披露的年养殖成本预估大幅下移，市场预期价格的价格重心有所下移，高基\n差下投机买盘兴趣也在减弱。短期，节日档口现货稳定为主，但生猪出栏体重逐\n步见顶，再出栏去体重周期，后期现货承压概率较高。\n【玉米】玉米目前疲软主要受旧作小麦轮出+新季丰产预期影响，华北地区饲用替\n\n代增多。玉米淀粉消费较差，深加工利润亏导致开机趋下滑，此外下游的饲料企\n\n业持续刚需采购。贸易方面，随着贸易出货增多，北港下海量有增加，但是南港\n\n买涨不买跌，成交依然偏差，港口库存高。现阶段，小麦市场成为谷物市场主导，\n\n丰产上市预期下，玉米预期很难有提振。\n\nHTTP://WWW.QH168.COM.CN 5 / 6 请务必仔细阅读正文后免责申明\n\n## Page 6\n以上文中涉及数据来自：Wind、iFind、彭博、路透、百川盈孚、Mysteel、SMM，东海期货研究所整理\n\n货力求报告内容的客观、公正，但对这些信息的准确性及完整性不做任何保证，也不保证所包含的信\n\n息和建议不会发生任何变更。报告中的观点、结论和建议等全部内容只提供给客户做参考之用，并不\n\n构成对客户的投资建议，也未考虑个别客户特殊的投资目标、财务状况或需要，客户不应单纯依靠本\n\n报告而取代个人的独立判断。在任何情况下，本公司不对任何人因使用本报告中的任何内容所导致的\n\n未经书面许可，任何机构和个人不得以任何形式翻版、复制发布，如引用、转载、刊发，须注明出处\n\n为东海期货有限责任公司。\n\n东海期货有限责任公司研究所\n地址：上海浦东新区峨山路505号东方纯一大厦10楼\n联系人：贾利军\n电话：021-68757181\n网址：www.qh168.com.cn\nE-MAIL:Jialj@qh168.com.cn\n\nHTTP://WWW.QH168.COM.CN 6 / 6 请务必仔细阅读正文后免责申明',10214,6837,'pdf','2026-07-06 11:26:44','2026-07-06 11:26:44'),(8,8,'晨报\n日报\n农产品\n能源化工\n有色金属\n黑色金属\n金融期货\n周报\n农产品\n能源化工\n有色金属\n黑色金属\n金融期货\n月报\n农产品\n能源化工\n有色金属\n黑色金属\n金融期货\n年报\n交易策略\n尿素日报20250331\n日期：2025-04-01 15:47:36\n上一篇：\n尿素日报20250327\n下一篇：\n尿素日报20250401','晨报\n日报\n农产品\n能源化工\n有色金属\n黑色金属\n金融期货\n周报\n农产品\n能源化工\n有色金属\n黑色金属\n金融期货\n月报\n农产品\n能源化工\n有色金属\n黑色金属\n金融期货\n年报\n交易策略\n尿素日报20250331\n日期：2025-04-01 15:47:36\n上一篇：\n尿素日报20250327\n下一篇：\n尿素日报20250401',163,163,'html','2026-07-06 11:26:44','2026-07-06 11:26:44'),(9,9,'晨报\n日报\n农产品\n能源化工\n有色金属\n黑色金属\n金融期货\n周报\n农产品\n能源化工\n有色金属\n黑色金属\n金融期货\n月报\n农产品\n能源化工\n有色金属\n黑色金属\n金融期货\n年报\n交易策略\n建材日报20250331\n日期：2025-04-01 15:47:21\n上一篇：\n建材日报20250328\n下一篇：\n黑色建材日报20250401','晨报\n日报\n农产品\n能源化工\n有色金属\n黑色金属\n金融期货\n周报\n农产品\n能源化工\n有色金属\n黑色金属\n金融期货\n月报\n农产品\n能源化工\n有色金属\n黑色金属\n金融期货\n年报\n交易策略\n建材日报20250331\n日期：2025-04-01 15:47:21\n上一篇：\n建材日报20250328\n下一篇：\n黑色建材日报20250401',165,165,'html','2026-07-06 11:26:45','2026-07-06 11:26:45'),(10,10,'晨报\n日报\n农产品\n能源化工\n有色金属\n黑色金属\n金融期货\n周报\n农产品\n能源化工\n有色金属\n黑色金属\n金融期货\n月报\n农产品\n能源化工\n有色金属\n黑色金属\n金融期货\n年报\n交易策略\n碳酸锂日报20250331\n日期：2025-04-01 15:47:08\n上一篇：\n铜铝日报20250331\n下一篇：\n碳酸锂日报20250401','晨报\n日报\n农产品\n能源化工\n有色金属\n黑色金属\n金融期货\n周报\n农产品\n能源化工\n有色金属\n黑色金属\n金融期货\n月报\n农产品\n能源化工\n有色金属\n黑色金属\n金融期货\n年报\n交易策略\n碳酸锂日报20250331\n日期：2025-04-01 15:47:08\n上一篇：\n铜铝日报20250331\n下一篇：\n碳酸锂日报20250401',165,165,'html','2026-07-06 11:26:45','2026-07-06 11:26:45'),(11,11,'晨报\n日报\n农产品\n能源化工\n有色金属\n黑色金属\n金融期货\n周报\n农产品\n能源化工\n有色金属\n黑色金属\n金融期货\n月报\n农产品\n能源化工\n有色金属\n黑色金属\n金融期货\n年报\n交易策略\n白糖日报20250331\n日期：2025-04-01 15:46:49\n上一篇：\n花生日报20250331\n下一篇：\n白糖日报20250401','晨报\n日报\n农产品\n能源化工\n有色金属\n黑色金属\n金融期货\n周报\n农产品\n能源化工\n有色金属\n黑色金属\n金融期货\n月报\n农产品\n能源化工\n有色金属\n黑色金属\n金融期货\n年报\n交易策略\n白糖日报20250331\n日期：2025-04-01 15:46:49\n上一篇：\n花生日报20250331\n下一篇：\n白糖日报20250401',163,163,'html','2026-07-06 11:26:46','2026-07-06 11:26:46'),(12,12,'晨报\n日报\n农产品\n能源化工\n有色金属\n黑色金属\n金融期货\n周报\n农产品\n能源化工\n有色金属\n黑色金属\n金融期货\n月报\n农产品\n能源化工\n有色金属\n黑色金属\n金融期货\n年报\n交易策略\n基差日报20250331\n日期：2025-04-01 15:46:18\n上一篇：\n仓单日报20250331\n下一篇：\n仓单日报20250401','晨报\n日报\n农产品\n能源化工\n有色金属\n黑色金属\n金融期货\n周报\n农产品\n能源化工\n有色金属\n黑色金属\n金融期货\n月报\n农产品\n能源化工\n有色金属\n黑色金属\n金融期货\n年报\n交易策略\n基差日报20250331\n日期：2025-04-01 15:46:18\n上一篇：\n仓单日报20250331\n下一篇：\n仓单日报20250401',163,163,'html','2026-07-06 11:26:47','2026-07-06 11:26:47'),(13,13,'晨报\n日报\n农产品\n能源化工\n有色金属\n黑色金属\n金融期货\n周报\n农产品\n能源化工\n有色金属\n黑色金属\n金融期货\n月报\n农产品\n能源化工\n有色金属\n黑色金属\n金融期货\n年报\n交易策略\n花生日报20250331\n日期：2025-04-01 15:45:58\n上一篇：\n玉米淀粉20250331\n下一篇：\n白糖日报20250331','晨报\n日报\n农产品\n能源化工\n有色金属\n黑色金属\n金融期货\n周报\n农产品\n能源化工\n有色金属\n黑色金属\n金融期货\n月报\n农产品\n能源化工\n有色金属\n黑色金属\n金融期货\n年报\n交易策略\n花生日报20250331\n日期：2025-04-01 15:45:58\n上一篇：\n玉米淀粉20250331\n下一篇：\n白糖日报20250331',163,163,'html','2026-07-06 11:26:48','2026-07-06 11:26:48'),(14,14,'晨报\n日报\n农产品\n能源化工\n有色金属\n黑色金属\n金融期货\n周报\n农产品\n能源化工\n有色金属\n黑色金属\n金融期货\n月报\n农产品\n能源化工\n有色金属\n黑色金属\n金融期货\n年报\n交易策略\n玉米淀粉20250331\n日期：2025-04-01 15:45:40\n上一篇：\n鸡蛋日报20250331\n下一篇：\n花生日报20250331','晨报\n日报\n农产品\n能源化工\n有色金属\n黑色金属\n金融期货\n周报\n农产品\n能源化工\n有色金属\n黑色金属\n金融期货\n月报\n农产品\n能源化工\n有色金属\n黑色金属\n金融期货\n年报\n交易策略\n玉米淀粉20250331\n日期：2025-04-01 15:45:40\n上一篇：\n鸡蛋日报20250331\n下一篇：\n花生日报20250331',163,163,'html','2026-07-06 11:26:48','2026-07-06 11:26:48'),(15,15,'晨报\n日报\n农产品\n能源化工\n有色金属\n黑色金属\n金融期货\n周报\n农产品\n能源化工\n有色金属\n黑色金属\n金融期货\n月报\n农产品\n能源化工\n有色金属\n黑色金属\n金融期货\n年报\n交易策略\n仓单日报20250331\n日期：2025-04-01 15:45:11\n上一篇：\n外资持仓20250331\n下一篇：\n基差日报20250331','晨报\n日报\n农产品\n能源化工\n有色金属\n黑色金属\n金融期货\n周报\n农产品\n能源化工\n有色金属\n黑色金属\n金融期货\n月报\n农产品\n能源化工\n有色金属\n黑色金属\n金融期货\n年报\n交易策略\n仓单日报20250331\n日期：2025-04-01 15:45:11\n上一篇：\n外资持仓20250331\n下一篇：\n基差日报20250331',163,163,'html','2026-07-06 11:26:48','2026-07-06 11:26:49'),(16,16,'晨报\n日报\n农产品\n能源化工\n有色金属\n黑色金属\n金融期货\n周报\n农产品\n能源化工\n有色金属\n黑色金属\n金融期货\n月报\n农产品\n能源化工\n有色金属\n黑色金属\n金融期货\n年报\n交易策略\n外资持仓20250331\n日期：2025-04-01 15:44:40\n上一篇：\n基差日报20250328\n下一篇：\n仓单日报20250331','晨报\n日报\n农产品\n能源化工\n有色金属\n黑色金属\n金融期货\n周报\n农产品\n能源化工\n有色金属\n黑色金属\n金融期货\n月报\n农产品\n能源化工\n有色金属\n黑色金属\n金融期货\n年报\n交易策略\n外资持仓20250331\n日期：2025-04-01 15:44:40\n上一篇：\n基差日报20250328\n下一篇：\n仓单日报20250331',163,163,'html','2026-07-06 11:26:49','2026-07-06 11:26:49'),(17,17,'晨报\n日报\n农产品\n能源化工\n有色金属\n黑色金属\n金融期货\n周报\n农产品\n能源化工\n有色金属\n黑色金属\n金融期货\n月报\n农产品\n能源化工\n有色金属\n黑色金属\n金融期货\n年报\n交易策略\n鸡蛋日报20250331\n日期：2025-04-01 15:44:25\n上一篇：\n尿素日报20250328\n下一篇：\n玉米淀粉20250331','晨报\n日报\n农产品\n能源化工\n有色金属\n黑色金属\n金融期货\n周报\n农产品\n能源化工\n有色金属\n黑色金属\n金融期货\n月报\n农产品\n能源化工\n有色金属\n黑色金属\n金融期货\n年报\n交易策略\n鸡蛋日报20250331\n日期：2025-04-01 15:44:25\n上一篇：\n尿素日报20250328\n下一篇：\n玉米淀粉20250331',163,163,'html','2026-07-06 11:26:50','2026-07-06 11:26:50'),(18,18,'晨报\n日报\n农产品\n能源化工\n有色金属\n黑色金属\n金融期货\n周报\n农产品\n能源化工\n有色金属\n黑色金属\n金融期货\n月报\n农产品\n能源化工\n有色金属\n黑色金属\n金融期货\n年报\n交易策略\n碳酸锂日报20250401\n日期：2025-04-01 17:42:35\n上一篇：\n碳酸锂日报20250331\n下一篇：\n铜铝日报20250401','晨报\n日报\n农产品\n能源化工\n有色金属\n黑色金属\n金融期货\n周报\n农产品\n能源化工\n有色金属\n黑色金属\n金融期货\n月报\n农产品\n能源化工\n有色金属\n黑色金属\n金融期货\n年报\n交易策略\n碳酸锂日报20250401\n日期：2025-04-01 17:42:35\n上一篇：\n碳酸锂日报20250331\n下一篇：\n铜铝日报20250401',165,165,'html','2026-07-06 11:26:50','2026-07-06 11:26:50'),(19,19,'晨报\n日报\n农产品\n能源化工\n有色金属\n黑色金属\n金融期货\n周报\n农产品\n能源化工\n有色金属\n黑色金属\n金融期货\n月报\n农产品\n能源化工\n有色金属\n黑色金属\n金融期货\n年报\n交易策略\n尿素日报20250401\n日期：2025-04-01 17:40:08\n上一篇：\n尿素日报20250331\n下一篇：\n尿素日报20250402','晨报\n日报\n农产品\n能源化工\n有色金属\n黑色金属\n金融期货\n周报\n农产品\n能源化工\n有色金属\n黑色金属\n金融期货\n月报\n农产品\n能源化工\n有色金属\n黑色金属\n金融期货\n年报\n交易策略\n尿素日报20250401\n日期：2025-04-01 17:40:08\n上一篇：\n尿素日报20250331\n下一篇：\n尿素日报20250402',163,163,'html','2026-07-06 11:26:51','2026-07-06 11:26:51'),(20,20,'晨报\n日报\n农产品\n能源化工\n有色金属\n黑色金属\n金融期货\n周报\n农产品\n能源化工\n有色金属\n黑色金属\n金融期货\n月报\n农产品\n能源化工\n有色金属\n黑色金属\n金融期货\n年报\n交易策略\n基差日报20250401\n日期：2025-04-01 17:38:14\n上一篇：\n仓单日报20250401\n下一篇：\n外资持仓日报20250401','晨报\n日报\n农产品\n能源化工\n有色金属\n黑色金属\n金融期货\n周报\n农产品\n能源化工\n有色金属\n黑色金属\n金融期货\n月报\n农产品\n能源化工\n有色金属\n黑色金属\n金融期货\n年报\n交易策略\n基差日报20250401\n日期：2025-04-01 17:38:14\n上一篇：\n仓单日报20250401\n下一篇：\n外资持仓日报20250401',165,165,'html','2026-07-06 11:26:52','2026-07-06 11:26:53');
/*!40000 ALTER TABLE `article_texts` ENABLE KEYS */;
UNLOCK TABLES;

--
-- Table structure for table `articles`
--

DROP TABLE IF EXISTS `articles`;
/*!40101 SET @saved_cs_client     = @@character_set_client */;
/*!50503 SET character_set_client = utf8mb4 */;
CREATE TABLE `articles` (
  `id` int NOT NULL AUTO_INCREMENT,
  `title` varchar(255) COLLATE utf8mb4_unicode_ci NOT NULL,
  `source` varchar(128) COLLATE utf8mb4_unicode_ci DEFAULT NULL,
  `company` varchar(128) COLLATE utf8mb4_unicode_ci DEFAULT NULL,
  `file_url` varchar(1024) COLLATE utf8mb4_unicode_ci DEFAULT NULL,
  `file_type` varchar(32) COLLATE utf8mb4_unicode_ci DEFAULT NULL,
  `publish_time` datetime DEFAULT NULL,
  `status` int NOT NULL,
  `error_msg` text COLLATE utf8mb4_unicode_ci,
  `created_at` datetime NOT NULL DEFAULT (now()),
  `updated_at` datetime NOT NULL DEFAULT (now()),
  PRIMARY KEY (`id`),
  KEY `ix_articles_status` (`status`),
  KEY `ix_articles_company` (`company`),
  KEY `ix_articles_publish_time` (`publish_time`),
  KEY `ix_articles_status_created_at` (`status`,`created_at`),
  CONSTRAINT `ck_articles_status` CHECK ((`status` in (-(1),0,1,2,3,4,5)))
) ENGINE=InnoDB AUTO_INCREMENT=21 DEFAULT CHARSET=utf8mb4 COLLATE=utf8mb4_unicode_ci;
/*!40101 SET character_set_client = @saved_cs_client */;

--
-- Dumping data for table `articles`
--

LOCK TABLES `articles` WRITE;
/*!40000 ALTER TABLE `articles` DISABLE KEYS */;
INSERT INTO `articles` VALUES (1,'浙商期货_323354_0','local_data_ingest','浙商期货','data/20250401/323354/浙商期货_323354_0.html','html','2025-04-01 00:00:00',5,NULL,'2026-07-06 11:25:28','2026-07-06 11:26:45'),(2,'浙商期货_323355_0','local_data_ingest','浙商期货','data/20250401/323355/浙商期货_323355_0.html','html','2025-04-01 00:00:00',5,NULL,'2026-07-06 11:25:28','2026-07-06 11:26:45'),(3,'浙商期货_323356_0','local_data_ingest','浙商期货','data/20250401/323356/浙商期货_323356_0.html','html','2025-04-01 00:00:00',5,NULL,'2026-07-06 11:25:28','2026-07-06 11:26:43'),(4,'浙商期货_323357_0','local_data_ingest','浙商期货','data/20250401/323357/浙商期货_323357_0.html','html','2025-04-01 00:00:00',5,NULL,'2026-07-06 11:25:28','2026-07-06 11:26:44'),(5,'浙商期货_323358_0','local_data_ingest','浙商期货','data/20250401/323358/浙商期货_323358_0.html','html','2025-04-01 00:00:00',5,NULL,'2026-07-06 11:25:28','2026-07-06 11:26:48'),(6,'浙商期货_323761_0','local_data_ingest','浙商期货','data/20250401/323761/浙商期货_323761_0.html','html','2025-04-01 00:00:00',5,NULL,'2026-07-06 11:25:28','2026-07-06 11:26:46'),(7,'东海期货_323471','local_data_ingest','东海期货','data/20250401/东海期货_323471.PDF','pdf','2025-04-01 00:00:00',5,NULL,'2026-07-06 11:25:28','2026-07-06 11:26:44'),(8,'中原期货_323555_0','local_data_ingest','中原期货','data/20250401/中原期货_323555_0.html','html','2025-04-01 00:00:00',5,NULL,'2026-07-06 11:25:28','2026-07-06 11:26:48'),(9,'中原期货_323556_0','local_data_ingest','中原期货','data/20250401/中原期货_323556_0.html','html','2025-04-01 00:00:00',5,NULL,'2026-07-06 11:25:28','2026-07-06 11:26:47'),(10,'中原期货_323557_0','local_data_ingest','中原期货','data/20250401/中原期货_323557_0.html','html','2025-04-01 00:00:00',5,NULL,'2026-07-06 11:25:28','2026-07-06 11:26:48'),(11,'中原期货_323558_0','local_data_ingest','中原期货','data/20250401/中原期货_323558_0.html','html','2025-04-01 00:00:00',5,NULL,'2026-07-06 11:25:28','2026-07-06 11:26:48'),(12,'中原期货_323559_0','local_data_ingest','中原期货','data/20250401/中原期货_323559_0.html','html','2025-04-01 00:00:00',5,NULL,'2026-07-06 11:25:28','2026-07-06 11:26:51'),(13,'中原期货_323560_0','local_data_ingest','中原期货','data/20250401/中原期货_323560_0.html','html','2025-04-01 00:00:00',5,NULL,'2026-07-06 11:25:28','2026-07-06 11:26:50'),(14,'中原期货_323561_0','local_data_ingest','中原期货','data/20250401/中原期货_323561_0.html','html','2025-04-01 00:00:00',5,NULL,'2026-07-06 11:25:28','2026-07-06 11:26:50'),(15,'中原期货_323562_0','local_data_ingest','中原期货','data/20250401/中原期货_323562_0.html','html','2025-04-01 00:00:00',5,NULL,'2026-07-06 11:25:28','2026-07-06 11:26:52'),(16,'中原期货_323563_0','local_data_ingest','中原期货','data/20250401/中原期货_323563_0.html','html','2025-04-01 00:00:00',5,NULL,'2026-07-06 11:25:28','2026-07-06 11:26:53'),(17,'中原期货_323564_0','local_data_ingest','中原期货','data/20250401/中原期货_323564_0.html','html','2025-04-01 00:00:00',5,NULL,'2026-07-06 11:25:28','2026-07-06 11:26:53'),(18,'中原期货_323979_0','local_data_ingest','中原期货','data/20250401/中原期货_323979_0.html','html','2025-04-01 00:00:00',5,NULL,'2026-07-06 11:25:28','2026-07-06 11:26:53'),(19,'中原期货_323980_0','local_data_ingest','中原期货','data/20250401/中原期货_323980_0.html','html','2025-04-01 00:00:00',5,NULL,'2026-07-06 11:25:28','2026-07-06 11:26:54'),(20,'中原期货_323981_0','local_data_ingest','中原期货','data/20250401/中原期货_323981_0.html','html','2025-04-01 00:00:00',5,NULL,'2026-07-06 11:25:28','2026-07-06 11:26:56');
/*!40000 ALTER TABLE `articles` ENABLE KEYS */;
UNLOCK TABLES;

--
-- Table structure for table `manual_confirmations`
--

DROP TABLE IF EXISTS `manual_confirmations`;
/*!40101 SET @saved_cs_client     = @@character_set_client */;
/*!50503 SET character_set_client = utf8mb4 */;
CREATE TABLE `manual_confirmations` (
  `id` int NOT NULL AUTO_INCREMENT,
  `article_id` int NOT NULL,
  `original_product` varchar(128) COLLATE utf8mb4_unicode_ci DEFAULT NULL,
  `original_direction` varchar(16) COLLATE utf8mb4_unicode_ci DEFAULT NULL,
  `original_reason` text COLLATE utf8mb4_unicode_ci,
  `original_confidence` float DEFAULT NULL,
  `confirmed_product` varchar(128) COLLATE utf8mb4_unicode_ci NOT NULL,
  `confirmed_direction` varchar(16) COLLATE utf8mb4_unicode_ci NOT NULL,
  `confirmed_reason` text COLLATE utf8mb4_unicode_ci,
  `confirmed_confidence` float NOT NULL,
  `confirmed_by` varchar(128) COLLATE utf8mb4_unicode_ci DEFAULT NULL,
  `note` text COLLATE utf8mb4_unicode_ci,
  `confirmed_at` datetime NOT NULL DEFAULT (now()),
  PRIMARY KEY (`id`),
  KEY `ix_manual_confirmations_article_id` (`article_id`),
  KEY `ix_manual_confirmations_confirmed_at` (`confirmed_at`),
  CONSTRAINT `manual_confirmations_ibfk_1` FOREIGN KEY (`article_id`) REFERENCES `articles` (`id`) ON DELETE CASCADE,
  CONSTRAINT `ck_manual_confirmations_confidence` CHECK (((`confirmed_confidence` >= 0) and (`confirmed_confidence` <= 1))),
  CONSTRAINT `ck_manual_confirmations_direction` CHECK ((`confirmed_direction` in (_utf8mb4'看涨',_utf8mb4'看跌',_utf8mb4'中性')))
) ENGINE=InnoDB DEFAULT CHARSET=utf8mb4 COLLATE=utf8mb4_unicode_ci;
/*!40101 SET character_set_client = @saved_cs_client */;

--
-- Dumping data for table `manual_confirmations`
--

LOCK TABLES `manual_confirmations` WRITE;
/*!40000 ALTER TABLE `manual_confirmations` DISABLE KEYS */;
/*!40000 ALTER TABLE `manual_confirmations` ENABLE KEYS */;
UNLOCK TABLES;

--
-- Table structure for table `task_logs`
--

DROP TABLE IF EXISTS `task_logs`;
/*!40101 SET @saved_cs_client     = @@character_set_client */;
/*!50503 SET character_set_client = utf8mb4 */;
CREATE TABLE `task_logs` (
  `id` int NOT NULL AUTO_INCREMENT,
  `article_id` int DEFAULT NULL,
  `stage` varchar(64) COLLATE utf8mb4_unicode_ci NOT NULL,
  `status` varchar(32) COLLATE utf8mb4_unicode_ci NOT NULL,
  `message` text COLLATE utf8mb4_unicode_ci,
  `duration_ms` int DEFAULT NULL,
  `created_at` datetime NOT NULL DEFAULT (now()),
  PRIMARY KEY (`id`),
  KEY `ix_task_logs_article_stage` (`article_id`,`stage`),
  KEY `ix_task_logs_created_at` (`created_at`),
  KEY `ix_task_logs_article_id` (`article_id`),
  CONSTRAINT `task_logs_ibfk_1` FOREIGN KEY (`article_id`) REFERENCES `articles` (`id`) ON DELETE CASCADE
) ENGINE=InnoDB AUTO_INCREMENT=106 DEFAULT CHARSET=utf8mb4 COLLATE=utf8mb4_unicode_ci;
/*!40101 SET character_set_client = @saved_cs_client */;

--
-- Dumping data for table `task_logs`
--

LOCK TABLES `task_logs` WRITE;
/*!40000 ALTER TABLE `task_logs` DISABLE KEYS */;
INSERT INTO `task_logs` VALUES (1,NULL,'scheduler','ok','扫描完成：无待处理文章',6,'2026-07-06 11:25:13'),(2,2,'parser','success','parsed html, 566 chars',351,'2026-07-06 11:26:41'),(3,1,'parser','success','parsed html, 571 chars',370,'2026-07-06 11:26:41'),(4,2,'cleaner','success','[52ms] raw=566 → cleaned=279 (50.7% removed) noise_lines=2 low_density_chars=0',52,'2026-07-06 11:26:41'),(5,1,'cleaner','success','[70ms] raw=571 → cleaned=284 (50.3% removed) noise_lines=2 low_density_chars=0',70,'2026-07-06 11:26:41'),(6,4,'parser','success','parsed html, 569 chars',453,'2026-07-06 11:26:41'),(7,3,'parser','success','parsed html, 567 chars',475,'2026-07-06 11:26:41'),(8,5,'parser','success','parsed html, 567 chars',504,'2026-07-06 11:26:41'),(9,2,'rule_engine','success','product=黄金 direction=None confidence=0.00 need_llm=True',61,'2026-07-06 11:26:41'),(10,1,'rule_engine','success','product=黄金 direction=None confidence=0.00 need_llm=True',81,'2026-07-06 11:26:41'),(11,3,'cleaner','success','[63ms] raw=567 → cleaned=280 (50.6% removed) noise_lines=2 low_density_chars=0',63,'2026-07-06 11:26:41'),(12,4,'cleaner','success','[68ms] raw=569 → cleaned=282 (50.4% removed) noise_lines=2 low_density_chars=0',68,'2026-07-06 11:26:41'),(13,5,'cleaner','success','[55ms] raw=567 → cleaned=280 (50.6% removed) noise_lines=2 low_density_chars=0',55,'2026-07-06 11:26:41'),(14,3,'rule_engine','success','product=黄金 direction=None confidence=0.00 need_llm=True',22,'2026-07-06 11:26:41'),(15,4,'rule_engine','success','product=黄金 direction=None confidence=0.00 need_llm=True',27,'2026-07-06 11:26:41'),(16,5,'rule_engine','success','product=黄金 direction=None confidence=0.00 need_llm=True',25,'2026-07-06 11:26:41'),(17,3,'llm_infer','success','model=wenhua-shixi retries=0 product=甲醇 direction=中性 confidence=0.10',2436,'2026-07-06 11:26:43'),(18,3,'pipeline','success','[3172ms] article=3 status=0→5 stages=parser→cleaner→rule_engine→llm_infer OK',3172,'2026-07-06 11:26:43'),(19,6,'parser','success','parsed html, 567 chars',25,'2026-07-06 11:26:43'),(20,6,'cleaner','success','[9ms] raw=567 → cleaned=280 (50.6% removed) noise_lines=2 low_density_chars=0',9,'2026-07-06 11:26:43'),(21,6,'rule_engine','success','product=黄金 direction=None confidence=0.00 need_llm=True',6,'2026-07-06 11:26:43'),(22,4,'llm_infer','success','model=wenhua-shixi retries=0 product=PTA direction=中性 confidence=0.00',2864,'2026-07-06 11:26:44'),(23,4,'pipeline','success','[3601ms] article=4 status=0→5 stages=parser→cleaner→rule_engine→llm_infer OK',3601,'2026-07-06 11:26:44'),(24,7,'parser','success','parsed pdf, 10214 chars',148,'2026-07-06 11:26:44'),(25,7,'cleaner','success','[28ms] raw=10214 → cleaned=6837 (33.1% removed) noise_lines=3 low_density_chars=7',28,'2026-07-06 11:26:44'),(26,7,'rule_engine','success','product=黄金 direction=看涨 confidence=1.00 need_llm=False',15,'2026-07-06 11:26:44'),(27,7,'pipeline','success','[218ms] article=7 status=0→5 stages=parser→cleaner→rule_engine OK',218,'2026-07-06 11:26:44'),(28,8,'parser','success','parsed html, 163 chars',35,'2026-07-06 11:26:44'),(29,8,'cleaner','success','[12ms] raw=163 → cleaned=163 (0.0% removed) noise_lines=0 low_density_chars=0',12,'2026-07-06 11:26:44'),(30,8,'rule_engine','success','product=黄金 direction=None confidence=0.00 need_llm=True',7,'2026-07-06 11:26:44'),(31,2,'llm_infer','success','model=wenhua-shixi retries=0 product=PP direction=中性 confidence=0.20',4055,'2026-07-06 11:26:45'),(32,2,'pipeline','success','[4672ms] article=2 status=0→5 stages=parser→cleaner→rule_engine→llm_infer OK',4672,'2026-07-06 11:26:45'),(33,9,'parser','success','parsed html, 165 chars',33,'2026-07-06 11:26:45'),(34,9,'cleaner','success','[10ms] raw=165 → cleaned=165 (0.0% removed) noise_lines=0 low_density_chars=0',10,'2026-07-06 11:26:45'),(35,9,'rule_engine','success','product=黄金 direction=None confidence=0.00 need_llm=True',7,'2026-07-06 11:26:45'),(36,1,'llm_infer','success','model=wenhua-shixi retries=0 product=LLDPE direction=中性 confidence=0.10',4440,'2026-07-06 11:26:45'),(37,1,'pipeline','success','[5097ms] article=1 status=0→5 stages=parser→cleaner→rule_engine→llm_infer OK',5097,'2026-07-06 11:26:45'),(38,10,'parser','success','parsed html, 165 chars',34,'2026-07-06 11:26:45'),(39,10,'cleaner','success','[10ms] raw=165 → cleaned=165 (0.0% removed) noise_lines=0 low_density_chars=0',10,'2026-07-06 11:26:45'),(40,10,'rule_engine','success','product=黄金 direction=None confidence=0.00 need_llm=True',7,'2026-07-06 11:26:45'),(41,6,'llm_infer','success','model=wenhua-shixi retries=0 product=尿素 direction=中性 confidence=0.20',2283,'2026-07-06 11:26:46'),(42,6,'pipeline','success','[2372ms] article=6 status=0→5 stages=parser→cleaner→rule_engine→llm_infer OK',2372,'2026-07-06 11:26:46'),(43,11,'parser','success','parsed html, 163 chars',31,'2026-07-06 11:26:46'),(44,11,'cleaner','success','[9ms] raw=163 → cleaned=163 (0.0% removed) noise_lines=0 low_density_chars=0',9,'2026-07-06 11:26:46'),(45,11,'rule_engine','success','product=黄金 direction=None confidence=0.00 need_llm=True',6,'2026-07-06 11:26:46'),(46,9,'llm_infer','success','model=wenhua-shixi retries=0 product=建材 direction=中性 confidence=0.20',2449,'2026-07-06 11:26:47'),(47,9,'pipeline','success','[2529ms] article=9 status=0→5 stages=parser→cleaner→rule_engine→llm_infer OK',2529,'2026-07-06 11:26:47'),(48,12,'parser','success','parsed html, 163 chars',33,'2026-07-06 11:26:47'),(49,12,'cleaner','success','[10ms] raw=163 → cleaned=163 (0.0% removed) noise_lines=0 low_density_chars=0',10,'2026-07-06 11:26:47'),(50,12,'rule_engine','success','product=黄金 direction=None confidence=0.00 need_llm=True',7,'2026-07-06 11:26:47'),(51,5,'llm_infer','success','model=wenhua-shixi retries=0 product=烧碱 direction=中性 confidence=0.00',6833,'2026-07-06 11:26:48'),(52,5,'pipeline','success','[7562ms] article=5 status=0→5 stages=parser→cleaner→rule_engine→llm_infer OK',7562,'2026-07-06 11:26:48'),(53,13,'parser','success','parsed html, 163 chars',35,'2026-07-06 11:26:48'),(54,13,'cleaner','success','[11ms] raw=163 → cleaned=163 (0.0% removed) noise_lines=0 low_density_chars=0',11,'2026-07-06 11:26:48'),(55,13,'rule_engine','success','product=黄金 direction=None confidence=0.00 need_llm=True',10,'2026-07-06 11:26:48'),(56,8,'llm_infer','success','model=wenhua-shixi retries=0 product=尿素 direction=中性 confidence=0.10',3758,'2026-07-06 11:26:48'),(57,8,'pipeline','success','[3842ms] article=8 status=0→5 stages=parser→cleaner→rule_engine→llm_infer OK',3842,'2026-07-06 11:26:48'),(58,14,'parser','success','parsed html, 163 chars',31,'2026-07-06 11:26:48'),(59,14,'cleaner','success','[10ms] raw=163 → cleaned=163 (0.0% removed) noise_lines=0 low_density_chars=0',10,'2026-07-06 11:26:48'),(60,14,'rule_engine','success','product=黄金 direction=None confidence=0.00 need_llm=True',9,'2026-07-06 11:26:48'),(61,10,'llm_infer','success','model=wenhua-shixi retries=0 product=碳酸锂 direction=中性 confidence=0.00',3047,'2026-07-06 11:26:48'),(62,10,'pipeline','success','[3141ms] article=10 status=0→5 stages=parser→cleaner→rule_engine→llm_infer OK',3141,'2026-07-06 11:26:48'),(63,11,'llm_infer','success','model=wenhua-shixi retries=0 product=白糖 direction=中性 confidence=0.10',2606,'2026-07-06 11:26:48'),(64,11,'pipeline','success','[2691ms] article=11 status=0→5 stages=parser→cleaner→rule_engine→llm_infer OK',2691,'2026-07-06 11:26:48'),(65,15,'parser','success','parsed html, 163 chars',50,'2026-07-06 11:26:48'),(66,15,'cleaner','success','[18ms] raw=163 → cleaned=163 (0.0% removed) noise_lines=0 low_density_chars=0',18,'2026-07-06 11:26:49'),(67,15,'rule_engine','success','product=黄金 direction=None confidence=0.00 need_llm=True',11,'2026-07-06 11:26:49'),(68,16,'parser','success','parsed html, 163 chars',72,'2026-07-06 11:26:49'),(69,16,'cleaner','success','[12ms] raw=163 → cleaned=163 (0.0% removed) noise_lines=0 low_density_chars=0',12,'2026-07-06 11:26:49'),(70,16,'rule_engine','success','product=黄金 direction=None confidence=0.00 need_llm=True',8,'2026-07-06 11:26:49'),(71,14,'llm_infer','success','model=wenhua-shixi retries=0 product=玉米淀粉 direction=中性 confidence=0.20',2119,'2026-07-06 11:26:50'),(72,14,'pipeline','success','[2205ms] article=14 status=0→5 stages=parser→cleaner→rule_engine→llm_infer OK',2205,'2026-07-06 11:26:50'),(73,17,'parser','success','parsed html, 163 chars',35,'2026-07-06 11:26:50'),(74,17,'cleaner','success','[9ms] raw=163 → cleaned=163 (0.0% removed) noise_lines=0 low_density_chars=0',9,'2026-07-06 11:26:50'),(75,17,'rule_engine','success','product=黄金 direction=None confidence=0.00 need_llm=True',13,'2026-07-06 11:26:50'),(76,13,'llm_infer','success','model=wenhua-shixi retries=0 product=花生 direction=中性 confidence=0.20',2400,'2026-07-06 11:26:50'),(77,13,'pipeline','success','[2493ms] article=13 status=0→5 stages=parser→cleaner→rule_engine→llm_infer OK',2493,'2026-07-06 11:26:50'),(78,18,'parser','success','parsed html, 165 chars',33,'2026-07-06 11:26:50'),(79,18,'cleaner','success','[10ms] raw=165 → cleaned=165 (0.0% removed) noise_lines=0 low_density_chars=0',10,'2026-07-06 11:26:50'),(80,18,'rule_engine','success','product=黄金 direction=None confidence=0.00 need_llm=True',7,'2026-07-06 11:26:50'),(81,12,'llm_infer','success','model=wenhua-shixi retries=0 product=未指定 direction=中性 confidence=0.00',3609,'2026-07-06 11:26:51'),(82,12,'pipeline','success','[3697ms] article=12 status=0→5 stages=parser→cleaner→rule_engine→llm_infer OK',3697,'2026-07-06 11:26:51'),(83,19,'parser','success','parsed html, 163 chars',115,'2026-07-06 11:26:51'),(84,19,'cleaner','success','[16ms] raw=163 → cleaned=163 (0.0% removed) noise_lines=0 low_density_chars=0',16,'2026-07-06 11:26:51'),(85,19,'rule_engine','success','product=黄金 direction=None confidence=0.00 need_llm=True',9,'2026-07-06 11:26:51'),(86,15,'llm_infer','success','model=wenhua-shixi retries=0 product=None direction=中性 confidence=0.00',3849,'2026-07-06 11:26:52'),(87,15,'pipeline','success','[3999ms] article=15 status=0→5 stages=parser→cleaner→rule_engine→llm_infer OK',3999,'2026-07-06 11:26:52'),(88,20,'parser','success','parsed html, 165 chars',33,'2026-07-06 11:26:52'),(89,20,'cleaner','success','[9ms] raw=165 → cleaned=165 (0.0% removed) noise_lines=0 low_density_chars=0',9,'2026-07-06 11:26:53'),(90,20,'rule_engine','success','product=黄金 direction=None confidence=0.00 need_llm=True',7,'2026-07-06 11:26:53'),(91,17,'llm_infer','success','model=wenhua-shixi retries=0 product=鸡蛋 direction=中性 confidence=0.10',2556,'2026-07-06 11:26:53'),(92,17,'pipeline','success','[2648ms] article=17 status=0→5 stages=parser→cleaner→rule_engine→llm_infer OK',2648,'2026-07-06 11:26:53'),(93,18,'llm_infer','success','model=wenhua-shixi retries=0 product=碳酸锂 direction=中性 confidence=0.00',2526,'2026-07-06 11:26:53'),(94,18,'pipeline','success','[2614ms] article=18 status=0→5 stages=parser→cleaner→rule_engine→llm_infer OK',2614,'2026-07-06 11:26:53'),(95,16,'llm_infer','success','model=wenhua-shixi retries=0 product=未知 direction=中性 confidence=0.00',4507,'2026-07-06 11:26:53'),(96,16,'pipeline','success','[4632ms] article=16 status=0→5 stages=parser→cleaner→rule_engine→llm_infer OK',4632,'2026-07-06 11:26:53'),(97,19,'llm_infer','success','model=wenhua-shixi retries=0 product=尿素 direction=中性 confidence=0.00',2234,'2026-07-06 11:26:54'),(98,19,'pipeline','success','[2427ms] article=19 status=0→5 stages=parser→cleaner→rule_engine→llm_infer OK',2427,'2026-07-06 11:26:54'),(99,20,'llm_infer','success','model=wenhua-shixi retries=0 product=无 direction=中性 confidence=0.00',3626,'2026-07-06 11:26:56'),(100,20,'pipeline','success','[3709ms] article=20 status=0→5 stages=parser→cleaner→rule_engine→llm_infer OK',3709,'2026-07-06 11:26:56'),(101,NULL,'scheduler','ok','扫描完成：无待处理文章',12,'2026-07-06 11:30:13'),(102,NULL,'scheduler','ok','扫描完成：无待处理文章',10,'2026-07-06 11:35:13'),(103,NULL,'scheduler','ok','扫描完成：无待处理文章',8,'2026-07-06 11:40:13'),(104,NULL,'scheduler','ok','扫描完成：无待处理文章',54,'2026-07-06 12:31:06'),(105,NULL,'scheduler','ok','扫描完成：无待处理文章',7,'2026-07-06 12:36:06');
/*!40000 ALTER TABLE `task_logs` ENABLE KEYS */;
UNLOCK TABLES;
/*!40103 SET TIME_ZONE=@OLD_TIME_ZONE */;

/*!40101 SET SQL_MODE=@OLD_SQL_MODE */;
/*!40014 SET FOREIGN_KEY_CHECKS=@OLD_FOREIGN_KEY_CHECKS */;
/*!40014 SET UNIQUE_CHECKS=@OLD_UNIQUE_CHECKS */;
/*!40101 SET CHARACTER_SET_CLIENT=@OLD_CHARACTER_SET_CLIENT */;
/*!40101 SET CHARACTER_SET_RESULTS=@OLD_CHARACTER_SET_RESULTS */;
/*!40101 SET COLLATION_CONNECTION=@OLD_COLLATION_CONNECTION */;
/*!40111 SET SQL_NOTES=@OLD_SQL_NOTES */;

-- Dump completed on 2026-07-06 12:38:13
